,atom_name,cluster_id
0,PRO74 A N,0
1,PRO74 A CA,0
2,PRO74 A C,0
3,PRO74 A O,0
4,PRO74 A CB,0
5,PRO74 A CG,0
6,PRO74 A CD,0
7,PRO74 A HA,0
8,PRO74 A HB2,0
9,PRO74 A HB3,0
10,PRO74 A HG2,0
11,PRO74 A HG3,0
12,PRO74 A HD2,0
13,PRO74 A HD3,0
14,ARG75 A N,0
15,ARG75 A CA,0
16,ARG75 A C,0
17,ARG75 A O,0
18,ARG75 A CB,0
19,ARG75 A CG,0
20,ARG75 A CD,0
21,ARG75 A NE,0
22,ARG75 A CZ,0
23,ARG75 A NH1,0
24,ARG75 A NH2,0
25,ARG75 A H,0
26,ARG75 A HA,0
27,ARG75 A HB2,0
28,ARG75 A HB3,0
29,ARG75 A HG2,0
30,ARG75 A HG3,0
31,ARG75 A HD2,0
32,ARG75 A HD3,0
33,ARG75 A HE,0
34,ARG75 A HH11,0
35,ARG75 A HH12,0
36,ARG75 A HH21,0
37,ARG75 A HH22,0
38,LYS76 A N,0
39,LYS76 A CA,0
40,LYS76 A C,0
41,LYS76 A O,0
42,LYS76 A CB,0
43,LYS76 A H,0
44,LYS76 A HA,0
45,LYS77 A N,0
46,LYS77 A CA,0
47,LYS77 A C,0
48,LYS77 A O,0
49,LYS77 A CB,0
50,LYS77 A CG,1
51,LYS77 A CD,0
52,LYS77 A CE,0
53,LYS77 A NZ,0
54,LYS77 A H,0
55,LYS77 A HA,0
56,LYS77 A HB2,0
57,LYS77 A HB3,0
58,LYS77 A HG2,0
59,LYS77 A HG3,0
60,LYS77 A HD2,0
61,LYS77 A HD3,0
62,LYS77 A HE2,0
63,LYS77 A HE3,0
64,LYS77 A HZ1,0
65,LYS77 A HZ2,0
66,LYS77 A HZ3,0
67,ARG78 A N,0
68,ARG78 A CA,0
69,ARG78 A C,0
70,ARG78 A O,0
71,ARG78 A CB,0
72,ARG78 A H,0
73,ARG78 A HA,0
74,PRO79 A N,0
75,PRO79 A CA,0
76,PRO79 A C,0
77,PRO79 A O,0
78,PRO79 A CB,0
79,PRO79 A CG,1
80,PRO79 A CD,0
81,PRO79 A HA,0
82,PRO79 A HB2,0
83,PRO79 A HB3,0
84,PRO79 A HG2,0
85,PRO79 A HG3,0
86,PRO79 A HD2,0
87,PRO79 A HD3,0
88,GLU80 A N,0
89,GLU80 A CA,0
90,GLU80 A C,0
91,GLU80 A O,0
92,GLU80 A CB,0
93,GLU80 A CG,1
94,GLU80 A CD,0
95,GLU80 A OE1,0
96,GLU80 A OE2,0
97,GLU80 A H,0
98,GLU80 A HA,0
99,GLU80 A HB2,0
100,GLU80 A HB3,0
101,GLU80 A HG2,0
102,GLU80 A HG3,0
103,ASP81 A N,0
104,ASP81 A CA,0
105,ASP81 A C,0
106,ASP81 A O,0
107,ASP81 A CB,1
108,ASP81 A CG,0
109,ASP81 A OD1,0
110,ASP81 A OD2,0
111,ASP81 A H,0
112,ASP81 A HA,0
113,ASP81 A HB2,0
114,ASP81 A HB3,0
115,PHE82 A N,0
116,PHE82 A CA,0
117,PHE82 A C,0
118,PHE82 A O,0
119,PHE82 A CB,0
120,PHE82 A CG,0
121,PHE82 A CD1,1
122,PHE82 A CD2,0
123,PHE82 A CE1,1
124,PHE82 A CE2,0
125,PHE82 A CZ,1
126,PHE82 A H,0
127,PHE82 A HA,0
128,PHE82 A HB2,0
129,PHE82 A HB3,0
130,PHE82 A HD1,0
131,PHE82 A HD2,0
132,PHE82 A HE1,0
133,PHE82 A HE2,0
134,PHE82 A HZ,0
135,LYS83 A N,0
136,LYS83 A CA,0
137,LYS83 A C,0
138,LYS83 A O,0
139,LYS83 A CB,0
140,LYS83 A CG,0
141,LYS83 A CD,0
142,LYS83 A CE,0
143,LYS83 A NZ,0
144,LYS83 A H,0
145,LYS83 A HA,0
146,LYS83 A HB2,0
147,LYS83 A HB3,0
148,LYS83 A HG2,0
149,LYS83 A HG3,0
150,LYS83 A HD2,0
151,LYS83 A HD3,0
152,LYS83 A HE2,0
153,LYS83 A HE3,0
154,LYS83 A HZ1,0
155,LYS83 A HZ2,0
156,LYS83 A HZ3,0
157,PHE84 A N,0
158,PHE84 A CA,0
159,PHE84 A C,0
160,PHE84 A O,0
161,PHE84 A CB,0
162,PHE84 A CG,0
163,PHE84 A CD1,1
164,PHE84 A CD2,0
165,PHE84 A CE1,1
166,PHE84 A CE2,0
167,PHE84 A CZ,1
168,PHE84 A H,0
169,PHE84 A HA,0
170,PHE84 A HB2,0
171,PHE84 A HB3,0
172,PHE84 A HD1,0
173,PHE84 A HD2,0
174,PHE84 A HE1,0
175,PHE84 A HE2,0
176,PHE84 A HZ,0
177,GLY85 A N,0
178,GLY85 A CA,0
179,GLY85 A C,0
180,GLY85 A O,0
181,GLY85 A H,0
182,GLY85 A HA2,0
183,GLY85 A HA3,0
184,LYS86 A N,0
185,LYS86 A CA,0
186,LYS86 A C,0
187,LYS86 A O,0
188,LYS86 A CB,0
189,LYS86 A CG,0
190,LYS86 A CD,0
191,LYS86 A CE,0
192,LYS86 A NZ,0
193,LYS86 A H,0
194,LYS86 A HA,0
195,LYS86 A HB2,0
196,LYS86 A HB3,0
197,LYS86 A HG2,0
198,LYS86 A HG3,0
199,LYS86 A HD2,0
200,LYS86 A HD3,0
201,LYS86 A HE2,0
202,LYS86 A HE3,0
203,LYS86 A HZ1,0
204,LYS86 A HZ2,0
205,LYS86 A HZ3,0
206,ILE87 A N,0
207,ILE87 A CA,0
208,ILE87 A C,0
209,ILE87 A O,0
210,ILE87 A CB,0
211,ILE87 A CG1,0
212,ILE87 A CG2,0
213,ILE87 A CD1,0
214,ILE87 A H,0
215,ILE87 A HA,0
216,ILE87 A HB,0
217,ILE87 A HG12,0
218,ILE87 A HG13,0
219,ILE87 A HG21,0
220,ILE87 A HG22,0
221,ILE87 A HG23,0
222,ILE87 A HD11,0
223,ILE87 A HD12,0
224,ILE87 A HD13,0
225,LEU88 A N,0
226,LEU88 A CA,0
227,LEU88 A C,0
228,LEU88 A O,0
229,LEU88 A CB,0
230,LEU88 A CG,0
231,LEU88 A CD1,0
232,LEU88 A CD2,0
233,LEU88 A H,0
234,LEU88 A HA,0
235,LEU88 A HB2,0
236,LEU88 A HB3,0
237,LEU88 A HG,0
238,LEU88 A HD11,0
239,LEU88 A HD12,0
240,LEU88 A HD13,0
241,LEU88 A HD21,0
242,LEU88 A HD22,0
243,LEU88 A HD23,0
244,GLY89 A N,0
245,GLY89 A CA,0
246,GLY89 A C,0
247,GLY89 A O,0
248,GLY89 A H,0
249,GLY89 A HA2,0
250,GLY89 A HA3,0
251,GLU90 A N,0
252,GLU90 A CA,0
253,GLU90 A C,0
254,GLU90 A O,0
255,GLU90 A CB,0
256,GLU90 A CG,0
257,GLU90 A CD,0
258,GLU90 A OE1,0
259,GLU90 A OE2,0
260,GLU90 A H,0
261,GLU90 A HA,0
262,GLU90 A HB2,0
263,GLU90 A HB3,0
264,GLU90 A HG2,0
265,GLU90 A HG3,0
266,GLY91 A N,0
267,GLY91 A CA,0
268,GLY91 A C,0
269,GLY91 A O,0
270,GLY91 A H,0
271,GLY91 A HA2,0
272,GLY91 A HA3,0
273,SER92 A N,0
274,SER92 A CA,0
275,SER92 A C,0
276,SER92 A O,0
277,SER92 A CB,0
278,SER92 A OG,0
279,SER92 A H,0
280,SER92 A HA,0
281,SER92 A HB2,0
282,SER92 A HB3,0
283,SER92 A HG,0
284,PHE93 A N,0
285,PHE93 A CA,0
286,PHE93 A C,0
287,PHE93 A O,0
288,PHE93 A CB,1
289,PHE93 A CG,0
290,PHE93 A CD1,1
291,PHE93 A CD2,0
292,PHE93 A CE1,1
293,PHE93 A CE2,0
294,PHE93 A CZ,1
295,PHE93 A H,0
296,PHE93 A HA,0
297,PHE93 A HB2,0
298,PHE93 A HB3,0
299,PHE93 A HD1,0
300,PHE93 A HD2,0
301,PHE93 A HE1,0
302,PHE93 A HE2,0
303,PHE93 A HZ,0
304,SER94 A N,0
305,SER94 A CA,0
306,SER94 A C,0
307,SER94 A O,0
308,SER94 A CB,0
309,SER94 A OG,0
310,SER94 A H,0
311,SER94 A HA,0
312,SER94 A HB2,0
313,SER94 A HB3,0
314,SER94 A HG,0
315,THR95 A N,0
316,THR95 A CA,0
317,THR95 A C,0
318,THR95 A O,0
319,THR95 A CB,0
320,THR95 A OG1,0
321,THR95 A CG2,1
322,THR95 A H,0
323,THR95 A HA,0
324,THR95 A HB,0
325,THR95 A HG1,0
326,THR95 A HG21,0
327,THR95 A HG22,0
328,THR95 A HG23,0
329,VAL96 A N,0
330,VAL96 A CA,0
331,VAL96 A C,0
332,VAL96 A O,0
333,VAL96 A CB,0
334,VAL96 A CG1,1
335,VAL96 A CG2,0
336,VAL96 A H,0
337,VAL96 A HA,0
338,VAL96 A HB,0
339,VAL96 A HG11,0
340,VAL96 A HG12,0
341,VAL96 A HG13,0
342,VAL96 A HG21,0
343,VAL96 A HG22,0
344,VAL96 A HG23,0
345,VAL97 A N,0
346,VAL97 A CA,0
347,VAL97 A C,0
348,VAL97 A O,0
349,VAL97 A CB,0
350,VAL97 A CG1,1
351,VAL97 A CG2,0
352,VAL97 A H,0
353,VAL97 A HA,0
354,VAL97 A HB,0
355,VAL97 A HG11,0
356,VAL97 A HG12,0
357,VAL97 A HG13,0
358,VAL97 A HG21,0
359,VAL97 A HG22,0
360,VAL97 A HG23,0
361,LEU98 A N,0
362,LEU98 A CA,0
363,LEU98 A C,0
364,LEU98 A O,0
365,LEU98 A CB,0
366,LEU98 A CG,0
367,LEU98 A CD1,0
368,LEU98 A CD2,0
369,LEU98 A H,0
370,LEU98 A HA,0
371,LEU98 A HB2,0
372,LEU98 A HB3,0
373,LEU98 A HG,0
374,LEU98 A HD11,0
375,LEU98 A HD12,0
376,LEU98 A HD13,0
377,LEU98 A HD21,0
378,LEU98 A HD22,0
379,LEU98 A HD23,0
380,ALA99 A N,0
381,ALA99 A CA,0
382,ALA99 A C,0
383,ALA99 A O,0
384,ALA99 A CB,1
385,ALA99 A H,0
386,ALA99 A HA,0
387,ALA99 A HB1,0
388,ALA99 A HB2,0
389,ALA99 A HB3,0
390,ARG100 A N,0
391,ARG100 A CA,0
392,ARG100 A C,0
393,ARG100 A O,0
394,ARG100 A CB,1
395,ARG100 A CG,0
396,ARG100 A CD,0
397,ARG100 A NE,0
398,ARG100 A CZ,0
399,ARG100 A NH1,0
400,ARG100 A NH2,0
401,ARG100 A H,0
402,ARG100 A HA,0
403,ARG100 A HB2,0
404,ARG100 A HB3,0
405,ARG100 A HG2,0
406,ARG100 A HG3,0
407,ARG100 A HD2,0
408,ARG100 A HD3,0
409,ARG100 A HE,0
410,ARG100 A HH11,0
411,ARG100 A HH12,0
412,ARG100 A HH21,0
413,ARG100 A HH22,0
414,GLU101 A N,0
415,GLU101 A CA,0
416,GLU101 A C,0
417,GLU101 A O,0
418,GLU101 A CB,0
419,GLU101 A CG,1
420,GLU101 A CD,0
421,GLU101 A OE1,0
422,GLU101 A OE2,0
423,GLU101 A H,0
424,GLU101 A HA,0
425,GLU101 A HB2,0
426,GLU101 A HB3,0
427,GLU101 A HG2,0
428,GLU101 A HG3,0
429,LEU102 A N,0
430,LEU102 A CA,0
431,LEU102 A C,0
432,LEU102 A O,0
433,LEU102 A CB,1
434,LEU102 A CG,0
435,LEU102 A CD1,0
436,LEU102 A CD2,0
437,LEU102 A H,0
438,LEU102 A HA,0
439,LEU102 A HB2,0
440,LEU102 A HB3,0
441,LEU102 A HG,0
442,LEU102 A HD11,0
443,LEU102 A HD12,0
444,LEU102 A HD13,0
445,LEU102 A HD21,0
446,LEU102 A HD22,0
447,LEU102 A HD23,0
448,ALA103 A N,0
449,ALA103 A CA,0
450,ALA103 A C,0
451,ALA103 A O,0
452,ALA103 A CB,0
453,ALA103 A H,0
454,ALA103 A HA,0
455,ALA103 A HB1,0
456,ALA103 A HB2,0
457,ALA103 A HB3,0
458,THR104 A N,0
459,THR104 A CA,0
460,THR104 A C,0
461,THR104 A O,0
462,THR104 A CB,0
463,THR104 A OG1,0
464,THR104 A CG2,0
465,THR104 A H,0
466,THR104 A HA,0
467,THR104 A HB,0
468,THR104 A HG1,0
469,THR104 A HG21,0
470,THR104 A HG22,0
471,THR104 A HG23,0
472,SER105 A N,0
473,SER105 A CA,0
474,SER105 A C,0
475,SER105 A O,0
476,SER105 A CB,0
477,SER105 A OG,0
478,SER105 A H,0
479,SER105 A HA,0
480,SER105 A HB2,0
481,SER105 A HB3,0
482,SER105 A HG,0
483,ARG106 A N,0
484,ARG106 A CA,0
485,ARG106 A C,0
486,ARG106 A O,0
487,ARG106 A CB,1
488,ARG106 A CG,0
489,ARG106 A CD,0
490,ARG106 A NE,0
491,ARG106 A CZ,0
492,ARG106 A NH1,0
493,ARG106 A NH2,0
494,ARG106 A H,0
495,ARG106 A HA,0
496,ARG106 A HB2,0
497,ARG106 A HB3,0
498,ARG106 A HG2,0
499,ARG106 A HG3,0
500,ARG106 A HD2,0
501,ARG106 A HD3,0
502,ARG106 A HE,0
503,ARG106 A HH11,0
504,ARG106 A HH12,0
505,ARG106 A HH21,0
506,ARG106 A HH22,0
507,GLU107 A N,0
508,GLU107 A CA,0
509,GLU107 A C,0
510,GLU107 A O,0
511,GLU107 A CB,0
512,GLU107 A CG,1
513,GLU107 A CD,0
514,GLU107 A OE1,0
515,GLU107 A OE2,0
516,GLU107 A H,0
517,GLU107 A HA,0
518,GLU107 A HB2,0
519,GLU107 A HB3,0
520,GLU107 A HG2,0
521,GLU107 A HG3,0
522,TYR108 A N,0
523,TYR108 A CA,0
524,TYR108 A C,0
525,TYR108 A O,0
526,TYR108 A CB,0
527,TYR108 A CG,1
528,TYR108 A CD1,0
529,TYR108 A CD2,1
530,TYR108 A CE1,0
531,TYR108 A CE2,1
532,TYR108 A CZ,0
533,TYR108 A OH,0
534,TYR108 A H,0
535,TYR108 A HA,0
536,TYR108 A HB2,0
537,TYR108 A HB3,0
538,TYR108 A HD1,0
539,TYR108 A HD2,0
540,TYR108 A HE1,0
541,TYR108 A HE2,0
542,TYR108 A HH,0
543,ALA109 A N,0
544,ALA109 A CA,0
545,ALA109 A C,0
546,ALA109 A O,0
547,ALA109 A CB,0
548,ALA109 A H,0
549,ALA109 A HA,0
550,ALA109 A HB1,0
551,ALA109 A HB2,0
552,ALA109 A HB3,0
553,ILE110 A N,0
554,ILE110 A CA,0
555,ILE110 A C,0
556,ILE110 A O,0
557,ILE110 A CB,0
558,ILE110 A CG1,1
559,ILE110 A CG2,0
560,ILE110 A CD1,1
561,ILE110 A H,0
562,ILE110 A HA,0
563,ILE110 A HB,0
564,ILE110 A HG12,0
565,ILE110 A HG13,0
566,ILE110 A HG21,0
567,ILE110 A HG22,0
568,ILE110 A HG23,0
569,ILE110 A HD11,0
570,ILE110 A HD12,0
571,ILE110 A HD13,0
572,LYS111 A N,0
573,LYS111 A CA,0
574,LYS111 A C,0
575,LYS111 A O,0
576,LYS111 A CB,1
577,LYS111 A CG,0
578,LYS111 A CD,1
579,LYS111 A CE,0
580,LYS111 A NZ,0
581,LYS111 A H,0
582,LYS111 A HA,0
583,LYS111 A HB2,0
584,LYS111 A HB3,0
585,LYS111 A HG2,0
586,LYS111 A HG3,0
587,LYS111 A HD2,0
588,LYS111 A HD3,0
589,LYS111 A HE2,0
590,LYS111 A HE3,0
591,LYS111 A HZ1,0
592,LYS111 A HZ2,0
593,LYS111 A HZ3,0
594,ILE112 A N,0
595,ILE112 A CA,0
596,ILE112 A C,0
597,ILE112 A O,0
598,ILE112 A CB,1
599,ILE112 A CG1,0
600,ILE112 A CG2,1
601,ILE112 A CD1,0
602,ILE112 A H,0
603,ILE112 A HA,0
604,ILE112 A HB,0
605,ILE112 A HG12,0
606,ILE112 A HG13,0
607,ILE112 A HG21,0
608,ILE112 A HG22,0
609,ILE112 A HG23,0
610,ILE112 A HD11,0
611,ILE112 A HD12,0
612,ILE112 A HD13,0
613,LEU113 A N,0
614,LEU113 A CA,0
615,LEU113 A C,0
616,LEU113 A O,0
617,LEU113 A CB,0
618,LEU113 A CG,1
619,LEU113 A CD1,0
620,LEU113 A CD2,1
621,LEU113 A H,0
622,LEU113 A HA,0
623,LEU113 A HB2,0
624,LEU113 A HB3,0
625,LEU113 A HG,0
626,LEU113 A HD11,0
627,LEU113 A HD12,0
628,LEU113 A HD13,0
629,LEU113 A HD21,0
630,LEU113 A HD22,0
631,LEU113 A HD23,0
632,GLU114 A N,0
633,GLU114 A CA,0
634,GLU114 A C,0
635,GLU114 A O,0
636,GLU114 A CB,0
637,GLU114 A CG,1
638,GLU114 A CD,0
639,GLU114 A OE1,0
640,GLU114 A OE2,0
641,GLU114 A H,0
642,GLU114 A HA,0
643,GLU114 A HB2,0
644,GLU114 A HB3,0
645,GLU114 A HG2,0
646,GLU114 A HG3,0
647,LYS115 A N,0
648,LYS115 A CA,0
649,LYS115 A C,0
650,LYS115 A O,0
651,LYS115 A CB,1
652,LYS115 A CG,0
653,LYS115 A CD,1
654,LYS115 A CE,0
655,LYS115 A NZ,0
656,LYS115 A H,0
657,LYS115 A HA,0
658,LYS115 A HB2,0
659,LYS115 A HB3,0
660,LYS115 A HG2,0
661,LYS115 A HG3,0
662,LYS115 A HD2,0
663,LYS115 A HD3,0
664,LYS115 A HE2,0
665,LYS115 A HE3,0
666,LYS115 A HZ1,0
667,LYS115 A HZ2,0
668,LYS115 A HZ3,0
669,ARG116 A N,0
670,ARG116 A CA,0
671,ARG116 A C,0
672,ARG116 A O,0
673,ARG116 A CB,0
674,ARG116 A H,0
675,ARG116 A HA,0
676,HIS117 A N,0
677,HIS117 A CA,0
678,HIS117 A C,0
679,HIS117 A O,0
680,HIS117 A CB,0
681,HIS117 A CG,0
682,HIS117 A ND1,0
683,HIS117 A CD2,0
684,HIS117 A CE1,0
685,HIS117 A NE2,0
686,HIS117 A H,0
687,HIS117 A HA,0
688,HIS117 A HB2,0
689,HIS117 A HB3,0
690,HIS117 A HD1,0
691,HIS117 A HD2,0
692,HIS117 A HE1,0
693,ILE118 A N,0
694,ILE118 A CA,0
695,ILE118 A C,0
696,ILE118 A O,0
697,ILE118 A CB,1
698,ILE118 A CG1,0
699,ILE118 A CG2,1
700,ILE118 A CD1,0
701,ILE118 A H,0
702,ILE118 A HA,0
703,ILE118 A HB,0
704,ILE118 A HG12,0
705,ILE118 A HG13,0
706,ILE118 A HG21,0
707,ILE118 A HG22,0
708,ILE118 A HG23,0
709,ILE118 A HD11,0
710,ILE118 A HD12,0
711,ILE118 A HD13,0
712,ILE119 A N,0
713,ILE119 A CA,0
714,ILE119 A C,0
715,ILE119 A O,0
716,ILE119 A CB,1
717,ILE119 A CG1,0
718,ILE119 A CG2,0
719,ILE119 A CD1,0
720,ILE119 A H,0
721,ILE119 A HA,0
722,ILE119 A HB,0
723,ILE119 A HG12,0
724,ILE119 A HG13,0
725,ILE119 A HG21,0
726,ILE119 A HG22,0
727,ILE119 A HG23,0
728,ILE119 A HD11,0
729,ILE119 A HD12,0
730,ILE119 A HD13,0
731,LYS120 A N,0
732,LYS120 A CA,0
733,LYS120 A C,0
734,LYS120 A O,0
735,LYS120 A CB,0
736,LYS120 A H,0
737,LYS120 A HA,0
738,GLU121 A N,0
739,GLU121 A CA,0
740,GLU121 A C,0
741,GLU121 A O,0
742,GLU121 A CB,0
743,GLU121 A CG,1
744,GLU121 A CD,0
745,GLU121 A OE1,0
746,GLU121 A OE2,0
747,GLU121 A H,0
748,GLU121 A HA,0
749,GLU121 A HB2,0
750,GLU121 A HB3,0
751,GLU121 A HG2,0
752,GLU121 A HG3,0
753,ASN122 A N,0
754,ASN122 A CA,0
755,ASN122 A C,0
756,ASN122 A O,0
757,ASN122 A CB,1
758,ASN122 A CG,0
759,ASN122 A OD1,0
760,ASN122 A ND2,0
761,ASN122 A H,0
762,ASN122 A HA,0
763,ASN122 A HB2,0
764,ASN122 A HB3,0
765,ASN122 A HD21,0
766,ASN122 A HD22,0
767,LYS123 A N,0
768,LYS123 A CA,0
769,LYS123 A C,0
770,LYS123 A O,0
771,LYS123 A CB,0
772,LYS123 A CG,1
773,LYS123 A CD,0
774,LYS123 A CE,0
775,LYS123 A NZ,0
776,LYS123 A H,0
777,LYS123 A HA,0
778,LYS123 A HB2,0
779,LYS123 A HB3,0
780,LYS123 A HG2,0
781,LYS123 A HG3,0
782,LYS123 A HD2,0
783,LYS123 A HD3,0
784,LYS123 A HE2,0
785,LYS123 A HE3,0
786,LYS123 A HZ1,0
787,LYS123 A HZ2,0
788,LYS123 A HZ3,0
789,VAL124 A N,0
790,VAL124 A CA,0
791,VAL124 A C,0
792,VAL124 A O,0
793,VAL124 A CB,1
794,VAL124 A CG1,0
795,VAL124 A CG2,1
796,VAL124 A H,0
797,VAL124 A HA,0
798,VAL124 A HB,0
799,VAL124 A HG11,0
800,VAL124 A HG12,0
801,VAL124 A HG13,0
802,VAL124 A HG21,0
803,VAL124 A HG22,0
804,VAL124 A HG23,0
805,PRO125 A N,0
806,PRO125 A CA,0
807,PRO125 A C,0
808,PRO125 A O,0
809,PRO125 A CB,0
810,PRO125 A CG,1
811,PRO125 A CD,0
812,PRO125 A HA,0
813,PRO125 A HB2,0
814,PRO125 A HB3,0
815,PRO125 A HG2,0
816,PRO125 A HG3,0
817,PRO125 A HD2,0
818,PRO125 A HD3,0
819,TYR126 A N,0
820,TYR126 A CA,0
821,TYR126 A C,0
822,TYR126 A O,0
823,TYR126 A CB,0
824,TYR126 A CG,1
825,TYR126 A CD1,0
826,TYR126 A CD2,0
827,TYR126 A CE1,0
828,TYR126 A CE2,0
829,TYR126 A CZ,0
830,TYR126 A OH,0
831,TYR126 A H,0
832,TYR126 A HA,0
833,TYR126 A HB2,0
834,TYR126 A HB3,0
835,TYR126 A HD1,0
836,TYR126 A HD2,0
837,TYR126 A HE1,0
838,TYR126 A HE2,0
839,TYR126 A HH,0
840,VAL127 A N,0
841,VAL127 A CA,0
842,VAL127 A C,0
843,VAL127 A O,0
844,VAL127 A CB,1
845,VAL127 A CG1,0
846,VAL127 A CG2,1
847,VAL127 A H,0
848,VAL127 A HA,0
849,VAL127 A HB,0
850,VAL127 A HG11,0
851,VAL127 A HG12,0
852,VAL127 A HG13,0
853,VAL127 A HG21,0
854,VAL127 A HG22,0
855,VAL127 A HG23,0
856,THR128 A N,0
857,THR128 A CA,0
858,THR128 A C,0
859,THR128 A O,0
860,THR128 A CB,0
861,THR128 A OG1,0
862,THR128 A CG2,0
863,THR128 A H,0
864,THR128 A HA,0
865,THR128 A HB,0
866,THR128 A HG1,0
867,THR128 A HG21,0
868,THR128 A HG22,0
869,THR128 A HG23,0
870,ARG129 A N,0
871,ARG129 A CA,0
872,ARG129 A C,0
873,ARG129 A O,0
874,ARG129 A CB,0
875,ARG129 A CG,1
876,ARG129 A CD,0
877,ARG129 A NE,0
878,ARG129 A CZ,0
879,ARG129 A NH1,0
880,ARG129 A NH2,0
881,ARG129 A H,0
882,ARG129 A HA,0
883,ARG129 A HB2,0
884,ARG129 A HB3,0
885,ARG129 A HG2,0
886,ARG129 A HG3,0
887,ARG129 A HD2,0
888,ARG129 A HD3,0
889,ARG129 A HE,0
890,ARG129 A HH11,0
891,ARG129 A HH12,0
892,ARG129 A HH21,0
893,ARG129 A HH22,0
894,GLU130 A N,0
895,GLU130 A CA,0
896,GLU130 A C,0
897,GLU130 A O,0
898,GLU130 A CB,0
899,GLU130 A CG,1
900,GLU130 A CD,0
901,GLU130 A OE1,0
902,GLU130 A OE2,0
903,GLU130 A H,0
904,GLU130 A HA,0
905,GLU130 A HB2,0
906,GLU130 A HB3,0
907,GLU130 A HG2,0
908,GLU130 A HG3,0
909,ARG131 A N,0
910,ARG131 A CA,0
911,ARG131 A C,0
912,ARG131 A O,0
913,ARG131 A CB,0
914,ARG131 A CG,1
915,ARG131 A CD,0
916,ARG131 A NE,0
917,ARG131 A CZ,0
918,ARG131 A NH1,0
919,ARG131 A NH2,0
920,ARG131 A H,0
921,ARG131 A HA,0
922,ARG131 A HB2,0
923,ARG131 A HB3,0
924,ARG131 A HG2,0
925,ARG131 A HG3,0
926,ARG131 A HD2,0
927,ARG131 A HD3,0
928,ARG131 A HE,0
929,ARG131 A HH11,0
930,ARG131 A HH12,0
931,ARG131 A HH21,0
932,ARG131 A HH22,0
933,ASP132 A N,0
934,ASP132 A CA,0
935,ASP132 A C,0
936,ASP132 A O,0
937,ASP132 A CB,1
938,ASP132 A CG,0
939,ASP132 A OD1,0
940,ASP132 A OD2,0
941,ASP132 A H,0
942,ASP132 A HA,0
943,ASP132 A HB2,0
944,ASP132 A HB3,0
945,VAL133 A N,0
946,VAL133 A CA,0
947,VAL133 A C,0
948,VAL133 A O,0
949,VAL133 A CB,1
950,VAL133 A CG1,0
951,VAL133 A CG2,1
952,VAL133 A H,0
953,VAL133 A HA,0
954,VAL133 A HB,0
955,VAL133 A HG11,0
956,VAL133 A HG12,0
957,VAL133 A HG13,0
958,VAL133 A HG21,0
959,VAL133 A HG22,0
960,VAL133 A HG23,0
961,MET134 A N,0
962,MET134 A CA,0
963,MET134 A C,0
964,MET134 A O,0
965,MET134 A CB,1
966,MET134 A CG,0
967,MET134 A SD,1
968,MET134 A CE,0
969,MET134 A H,0
970,MET134 A HA,0
971,MET134 A HB2,0
972,MET134 A HB3,0
973,MET134 A HG2,0
974,MET134 A HG3,0
975,MET134 A HE1,0
976,MET134 A HE2,0
977,MET134 A HE3,0
978,SER135 A N,0
979,SER135 A CA,0
980,SER135 A C,0
981,SER135 A O,0
982,SER135 A CB,0
983,SER135 A OG,0
984,SER135 A H,0
985,SER135 A HA,0
986,SER135 A HB2,0
987,SER135 A HB3,0
988,SER135 A HG,0
989,ARG136 A N,0
990,ARG136 A CA,0
991,ARG136 A C,0
992,ARG136 A O,0
993,ARG136 A CB,0
994,ARG136 A CG,1
995,ARG136 A CD,0
996,ARG136 A NE,0
997,ARG136 A CZ,0
998,ARG136 A NH1,0
999,ARG136 A NH2,0
1000,ARG136 A H,0
1001,ARG136 A HA,0
1002,ARG136 A HB2,0
1003,ARG136 A HB3,0
1004,ARG136 A HG2,0
1005,ARG136 A HG3,0
1006,ARG136 A HD2,0
1007,ARG136 A HD3,0
1008,ARG136 A HE,0
1009,ARG136 A HH11,0
1010,ARG136 A HH12,0
1011,ARG136 A HH21,0
1012,ARG136 A HH22,0
1013,LEU137 A N,0
1014,LEU137 A CA,0
1015,LEU137 A C,0
1016,LEU137 A O,0
1017,LEU137 A CB,1
1018,LEU137 A CG,0
1019,LEU137 A CD1,1
1020,LEU137 A CD2,0
1021,LEU137 A H,0
1022,LEU137 A HA,0
1023,LEU137 A HB2,0
1024,LEU137 A HB3,0
1025,LEU137 A HG,0
1026,LEU137 A HD11,0
1027,LEU137 A HD12,0
1028,LEU137 A HD13,0
1029,LEU137 A HD21,0
1030,LEU137 A HD22,0
1031,LEU137 A HD23,0
1032,ASP138 A N,0
1033,ASP138 A CA,0
1034,ASP138 A C,0
1035,ASP138 A O,0
1036,ASP138 A CB,1
1037,ASP138 A CG,0
1038,ASP138 A OD1,0
1039,ASP138 A OD2,0
1040,ASP138 A H,0
1041,ASP138 A HA,0
1042,ASP138 A HB2,0
1043,ASP138 A HB3,0
1044,HIS139 A N,0
1045,HIS139 A CA,0
1046,HIS139 A C,0
1047,HIS139 A O,0
1048,HIS139 A CB,0
1049,HIS139 A CG,0
1050,HIS139 A ND1,0
1051,HIS139 A CD2,0
1052,HIS139 A CE1,0
1053,HIS139 A NE2,0
1054,HIS139 A H,0
1055,HIS139 A HA,0
1056,HIS139 A HB2,0
1057,HIS139 A HB3,0
1058,HIS139 A HD2,0
1059,HIS139 A HE1,0
1060,HIS139 A HE2,0
1061,PRO140 A N,0
1062,PRO140 A CA,0
1063,PRO140 A C,0
1064,PRO140 A O,0
1065,PRO140 A CB,1
1066,PRO140 A CG,0
1067,PRO140 A CD,0
1068,PRO140 A HA,0
1069,PRO140 A HB2,0
1070,PRO140 A HB3,0
1071,PRO140 A HG2,0
1072,PRO140 A HG3,0
1073,PRO140 A HD2,0
1074,PRO140 A HD3,0
1075,PHE141 A N,0
1076,PHE141 A CA,0
1077,PHE141 A C,0
1078,PHE141 A O,0
1079,PHE141 A CB,1
1080,PHE141 A CG,0
1081,PHE141 A CD1,1
1082,PHE141 A CD2,0
1083,PHE141 A CE1,1
1084,PHE141 A CE2,0
1085,PHE141 A CZ,1
1086,PHE141 A H,0
1087,PHE141 A HA,0
1088,PHE141 A HB2,0
1089,PHE141 A HB3,0
1090,PHE141 A HD1,0
1091,PHE141 A HD2,0
1092,PHE141 A HE1,0
1093,PHE141 A HE2,0
1094,PHE141 A HZ,0
1095,PHE142 A N,0
1096,PHE142 A CA,0
1097,PHE142 A C,0
1098,PHE142 A O,0
1099,PHE142 A CB,1
1100,PHE142 A CG,0
1101,PHE142 A CD1,1
1102,PHE142 A CD2,0
1103,PHE142 A CE1,1
1104,PHE142 A CE2,0
1105,PHE142 A CZ,1
1106,PHE142 A H,0
1107,PHE142 A HA,0
1108,PHE142 A HB2,0
1109,PHE142 A HB3,0
1110,PHE142 A HD1,0
1111,PHE142 A HD2,0
1112,PHE142 A HE1,0
1113,PHE142 A HE2,0
1114,PHE142 A HZ,0
1115,VAL143 A N,0
1116,VAL143 A CA,0
1117,VAL143 A C,0
1118,VAL143 A O,0
1119,VAL143 A CB,1
1120,VAL143 A CG1,0
1121,VAL143 A CG2,1
1122,VAL143 A H,0
1123,VAL143 A HA,0
1124,VAL143 A HB,0
1125,VAL143 A HG11,0
1126,VAL143 A HG12,0
1127,VAL143 A HG13,0
1128,VAL143 A HG21,0
1129,VAL143 A HG22,0
1130,VAL143 A HG23,0
1131,LYS144 A N,0
1132,LYS144 A CA,0
1133,LYS144 A C,0
1134,LYS144 A O,0
1135,LYS144 A CB,1
1136,LYS144 A CG,0
1137,LYS144 A CD,0
1138,LYS144 A CE,0
1139,LYS144 A NZ,0
1140,LYS144 A H,0
1141,LYS144 A HA,0
1142,LYS144 A HB2,0
1143,LYS144 A HB3,0
1144,LYS144 A HG2,0
1145,LYS144 A HG3,0
1146,LYS144 A HD2,0
1147,LYS144 A HD3,0
1148,LYS144 A HE2,0
1149,LYS144 A HE3,0
1150,LYS144 A HZ1,0
1151,LYS144 A HZ2,0
1152,LYS144 A HZ3,0
1153,LEU145 A N,0
1154,LEU145 A CA,0
1155,LEU145 A C,0
1156,LEU145 A O,0
1157,LEU145 A CB,1
1158,LEU145 A CG,0
1159,LEU145 A CD1,1
1160,LEU145 A CD2,0
1161,LEU145 A H,0
1162,LEU145 A HA,0
1163,LEU145 A HB2,0
1164,LEU145 A HB3,0
1165,LEU145 A HG,0
1166,LEU145 A HD11,0
1167,LEU145 A HD12,0
1168,LEU145 A HD13,0
1169,LEU145 A HD21,0
1170,LEU145 A HD22,0
1171,LEU145 A HD23,0
1172,TYR146 A N,0
1173,TYR146 A CA,0
1174,TYR146 A C,0
1175,TYR146 A O,0
1176,TYR146 A CB,0
1177,TYR146 A CG,1
1178,TYR146 A CD1,0
1179,TYR146 A CD2,1
1180,TYR146 A CE1,0
1181,TYR146 A CE2,1
1182,TYR146 A CZ,0
1183,TYR146 A OH,0
1184,TYR146 A H,0
1185,TYR146 A HA,0
1186,TYR146 A HB2,0
1187,TYR146 A HB3,0
1188,TYR146 A HD1,0
1189,TYR146 A HD2,0
1190,TYR146 A HE1,0
1191,TYR146 A HE2,0
1192,TYR146 A HH,0
1193,PHE147 A N,0
1194,PHE147 A CA,0
1195,PHE147 A C,0
1196,PHE147 A O,0
1197,PHE147 A CB,0
1198,PHE147 A CG,1
1199,PHE147 A CD1,0
1200,PHE147 A CD2,1
1201,PHE147 A CE1,0
1202,PHE147 A CE2,1
1203,PHE147 A CZ,0
1204,PHE147 A H,0
1205,PHE147 A HA,0
1206,PHE147 A HB2,0
1207,PHE147 A HB3,0
1208,PHE147 A HD1,0
1209,PHE147 A HD2,0
1210,PHE147 A HE1,0
1211,PHE147 A HE2,0
1212,PHE147 A HZ,0
1213,CYS148 A N,0
1214,CYS148 A CA,0
1215,CYS148 A C,0
1216,CYS148 A O,0
1217,CYS148 A CB,0
1218,CYS148 A SG,1
1219,CYS148 A H,0
1220,CYS148 A HA,0
1221,CYS148 A HB2,0
1222,CYS148 A HB3,0
1223,PHE149 A N,0
1224,PHE149 A CA,0
1225,PHE149 A C,0
1226,PHE149 A O,0
1227,PHE149 A CB,1
1228,PHE149 A CG,0
1229,PHE149 A CD1,1
1230,PHE149 A CD2,0
1231,PHE149 A CE1,1
1232,PHE149 A CE2,0
1233,PHE149 A CZ,1
1234,PHE149 A H,0
1235,PHE149 A HA,0
1236,PHE149 A HB2,0
1237,PHE149 A HB3,0
1238,PHE149 A HD1,0
1239,PHE149 A HD2,0
1240,PHE149 A HE1,0
1241,PHE149 A HE2,0
1242,PHE149 A HZ,0
1243,GLN150 A N,0
1244,GLN150 A CA,0
1245,GLN150 A C,0
1246,GLN150 A O,0
1247,GLN150 A CB,1
1248,GLN150 A CG,0
1249,GLN150 A CD,0
1250,GLN150 A OE1,0
1251,GLN150 A NE2,0
1252,GLN150 A H,0
1253,GLN150 A HA,0
1254,GLN150 A HB2,0
1255,GLN150 A HB3,0
1256,GLN150 A HG2,0
1257,GLN150 A HG3,0
1258,GLN150 A HE21,0
1259,GLN150 A HE22,0
1260,ASP151 A N,0
1261,ASP151 A CA,0
1262,ASP151 A C,0
1263,ASP151 A O,0
1264,ASP151 A CB,1
1265,ASP151 A CG,0
1266,ASP151 A OD1,0
1267,ASP151 A OD2,0
1268,ASP151 A H,0
1269,ASP151 A HA,0
1270,ASP151 A HB2,0
1271,ASP151 A HB3,0
1272,ASP152 A N,0
1273,ASP152 A CA,0
1274,ASP152 A C,0
1275,ASP152 A O,0
1276,ASP152 A CB,1
1277,ASP152 A CG,0
1278,ASP152 A OD1,0
1279,ASP152 A OD2,0
1280,ASP152 A H,0
1281,ASP152 A HA,0
1282,ASP152 A HB2,0
1283,ASP152 A HB3,0
1284,GLU153 A N,0
1285,GLU153 A CA,0
1286,GLU153 A C,0
1287,GLU153 A O,0
1288,GLU153 A CB,1
1289,GLU153 A H,0
1290,GLU153 A HA,0
1291,LYS154 A N,0
1292,LYS154 A CA,0
1293,LYS154 A C,0
1294,LYS154 A O,0
1295,LYS154 A CB,0
1296,LYS154 A CG,1
1297,LYS154 A CD,0
1298,LYS154 A CE,0
1299,LYS154 A NZ,0
1300,LYS154 A H,0
1301,LYS154 A HA,0
1302,LYS154 A HB2,0
1303,LYS154 A HB3,0
1304,LYS154 A HG2,0
1305,LYS154 A HG3,0
1306,LYS154 A HD2,0
1307,LYS154 A HD3,0
1308,LYS154 A HE2,0
1309,LYS154 A HE3,0
1310,LYS154 A HZ1,0
1311,LYS154 A HZ2,0
1312,LYS154 A HZ3,0
1313,LEU155 A N,0
1314,LEU155 A CA,0
1315,LEU155 A C,0
1316,LEU155 A O,0
1317,LEU155 A CB,1
1318,LEU155 A CG,0
1319,LEU155 A CD1,1
1320,LEU155 A CD2,0
1321,LEU155 A H,0
1322,LEU155 A HA,0
1323,LEU155 A HB2,0
1324,LEU155 A HB3,0
1325,LEU155 A HG,0
1326,LEU155 A HD11,0
1327,LEU155 A HD12,0
1328,LEU155 A HD13,0
1329,LEU155 A HD21,0
1330,LEU155 A HD22,0
1331,LEU155 A HD23,0
1332,TYR156 A N,0
1333,TYR156 A CA,0
1334,TYR156 A C,0
1335,TYR156 A O,0
1336,TYR156 A CB,0
1337,TYR156 A CG,1
1338,TYR156 A CD1,0
1339,TYR156 A CD2,1
1340,TYR156 A CE1,0
1341,TYR156 A CE2,1
1342,TYR156 A CZ,0
1343,TYR156 A OH,0
1344,TYR156 A H,0
1345,TYR156 A HA,0
1346,TYR156 A HB2,0
1347,TYR156 A HB3,0
1348,TYR156 A HD1,0
1349,TYR156 A HD2,0
1350,TYR156 A HE1,0
1351,TYR156 A HE2,0
1352,TYR156 A HH,0
1353,PHE157 A N,0
1354,PHE157 A CA,0
1355,PHE157 A C,0
1356,PHE157 A O,0
1357,PHE157 A CB,0
1358,PHE157 A CG,1
1359,PHE157 A CD1,0
1360,PHE157 A CD2,1
1361,PHE157 A CE1,1
1362,PHE157 A CE2,1
1363,PHE157 A CZ,1
1364,PHE157 A H,0
1365,PHE157 A HA,0
1366,PHE157 A HB2,0
1367,PHE157 A HB3,0
1368,PHE157 A HD1,0
1369,PHE157 A HD2,0
1370,PHE157 A HE1,0
1371,PHE157 A HE2,0
1372,PHE157 A HZ,0
1373,GLY158 A N,0
1374,GLY158 A CA,0
1375,GLY158 A C,0
1376,GLY158 A O,0
1377,GLY158 A H,0
1378,GLY158 A HA2,0
1379,GLY158 A HA3,0
1380,LEU159 A N,0
1381,LEU159 A CA,0
1382,LEU159 A C,0
1383,LEU159 A O,0
1384,LEU159 A CB,1
1385,LEU159 A CG,1
1386,LEU159 A CD1,1
1387,LEU159 A CD2,1
1388,LEU159 A H,0
1389,LEU159 A HA,0
1390,LEU159 A HB2,0
1391,LEU159 A HB3,0
1392,LEU159 A HG,0
1393,LEU159 A HD11,0
1394,LEU159 A HD12,0
1395,LEU159 A HD13,0
1396,LEU159 A HD21,0
1397,LEU159 A HD22,0
1398,LEU159 A HD23,0
1399,SER160 A N,0
1400,SER160 A CA,0
1401,SER160 A C,0
1402,SER160 A O,0
1403,SER160 A CB,0
1404,SER160 A OG,0
1405,SER160 A H,0
1406,SER160 A HA,0
1407,SER160 A HB2,0
1408,SER160 A HB3,0
1409,SER160 A HG,0
1410,TYR161 A N,0
1411,TYR161 A CA,0
1412,TYR161 A C,0
1413,TYR161 A O,0
1414,TYR161 A CB,1
1415,TYR161 A CG,0
1416,TYR161 A CD1,0
1417,TYR161 A CD2,0
1418,TYR161 A CE1,0
1419,TYR161 A CE2,1
1420,TYR161 A CZ,0
1421,TYR161 A OH,0
1422,TYR161 A H,0
1423,TYR161 A HA,0
1424,TYR161 A HB2,0
1425,TYR161 A HB3,0
1426,TYR161 A HD1,0
1427,TYR161 A HD2,0
1428,TYR161 A HE1,0
1429,TYR161 A HE2,0
1430,TYR161 A HH,0
1431,ALA162 A N,0
1432,ALA162 A CA,0
1433,ALA162 A C,0
1434,ALA162 A O,0
1435,ALA162 A CB,1
1436,ALA162 A H,0
1437,ALA162 A HA,0
1438,ALA162 A HB1,0
1439,ALA162 A HB2,0
1440,ALA162 A HB3,0
1441,LYS163 A N,0
1442,LYS163 A CA,0
1443,LYS163 A C,0
1444,LYS163 A O,0
1445,LYS163 A CB,1
1446,LYS163 A CG,0
1447,LYS163 A CD,0
1448,LYS163 A CE,0
1449,LYS163 A NZ,0
1450,LYS163 A H,0
1451,LYS163 A HA,0
1452,LYS163 A HB2,0
1453,LYS163 A HB3,0
1454,LYS163 A HG2,0
1455,LYS163 A HG3,0
1456,LYS163 A HD2,0
1457,LYS163 A HD3,0
1458,LYS163 A HE2,0
1459,LYS163 A HE3,0
1460,LYS163 A HZ1,0
1461,LYS163 A HZ2,0
1462,LYS163 A HZ3,0
1463,ASN164 A N,0
1464,ASN164 A CA,0
1465,ASN164 A C,0
1466,ASN164 A O,0
1467,ASN164 A CB,1
1468,ASN164 A CG,0
1469,ASN164 A OD1,0
1470,ASN164 A ND2,0
1471,ASN164 A H,0
1472,ASN164 A HA,0
1473,ASN164 A HB2,0
1474,ASN164 A HB3,0
1475,ASN164 A HD21,0
1476,ASN164 A HD22,0
1477,GLY165 A N,0
1478,GLY165 A CA,0
1479,GLY165 A C,0
1480,GLY165 A O,0
1481,GLY165 A H,0
1482,GLY165 A HA2,0
1483,GLY165 A HA3,0
1484,GLU166 A N,0
1485,GLU166 A CA,0
1486,GLU166 A C,0
1487,GLU166 A O,0
1488,GLU166 A CB,1
1489,GLU166 A CG,1
1490,GLU166 A CD,0
1491,GLU166 A OE1,0
1492,GLU166 A OE2,0
1493,GLU166 A H,0
1494,GLU166 A HA,0
1495,GLU166 A HB2,0
1496,GLU166 A HB3,0
1497,GLU166 A HG2,0
1498,GLU166 A HG3,0
1499,LEU167 A N,0
1500,LEU167 A CA,0
1501,LEU167 A C,0
1502,LEU167 A O,0
1503,LEU167 A CB,1
1504,LEU167 A CG,1
1505,LEU167 A CD1,1
1506,LEU167 A CD2,1
1507,LEU167 A H,0
1508,LEU167 A HA,0
1509,LEU167 A HB2,0
1510,LEU167 A HB3,0
1511,LEU167 A HG,0
1512,LEU167 A HD11,0
1513,LEU167 A HD12,0
1514,LEU167 A HD13,0
1515,LEU167 A HD21,0
1516,LEU167 A HD22,0
1517,LEU167 A HD23,0
1518,LEU168 A N,0
1519,LEU168 A CA,0
1520,LEU168 A C,0
1521,LEU168 A O,0
1522,LEU168 A CB,1
1523,LEU168 A CG,1
1524,LEU168 A CD1,1
1525,LEU168 A CD2,1
1526,LEU168 A H,0
1527,LEU168 A HA,0
1528,LEU168 A HB2,0
1529,LEU168 A HB3,0
1530,LEU168 A HG,0
1531,LEU168 A HD11,0
1532,LEU168 A HD12,0
1533,LEU168 A HD13,0
1534,LEU168 A HD21,0
1535,LEU168 A HD22,0
1536,LEU168 A HD23,0
1537,LYS169 A N,0
1538,LYS169 A CA,0
1539,LYS169 A C,0
1540,LYS169 A O,0
1541,LYS169 A CB,1
1542,LYS169 A CG,0
1543,LYS169 A CD,0
1544,LYS169 A CE,0
1545,LYS169 A NZ,0
1546,LYS169 A H,0
1547,LYS169 A HA,0
1548,LYS169 A HB2,0
1549,LYS169 A HB3,0
1550,LYS169 A HG2,0
1551,LYS169 A HG3,0
1552,LYS169 A HD2,0
1553,LYS169 A HD3,0
1554,LYS169 A HE2,0
1555,LYS169 A HE3,0
1556,LYS169 A HZ1,0
1557,LYS169 A HZ2,0
1558,LYS169 A HZ3,0
1559,TYR170 A N,0
1560,TYR170 A CA,0
1561,TYR170 A C,0
1562,TYR170 A O,0
1563,TYR170 A CB,1
1564,TYR170 A CG,1
1565,TYR170 A CD1,1
1566,TYR170 A CD2,1
1567,TYR170 A CE1,1
1568,TYR170 A CE2,1
1569,TYR170 A CZ,0
1570,TYR170 A OH,0
1571,TYR170 A H,0
1572,TYR170 A HA,0
1573,TYR170 A HB2,0
1574,TYR170 A HB3,0
1575,TYR170 A HD1,0
1576,TYR170 A HD2,0
1577,TYR170 A HE1,0
1578,TYR170 A HE2,0
1579,TYR170 A HH,0
1580,ILE171 A N,0
1581,ILE171 A CA,0
1582,ILE171 A C,0
1583,ILE171 A O,0
1584,ILE171 A CB,1
1585,ILE171 A CG1,1
1586,ILE171 A CG2,1
1587,ILE171 A CD1,1
1588,ILE171 A H,0
1589,ILE171 A HA,0
1590,ILE171 A HB,0
1591,ILE171 A HG12,0
1592,ILE171 A HG13,0
1593,ILE171 A HG21,0
1594,ILE171 A HG22,0
1595,ILE171 A HG23,0
1596,ILE171 A HD11,0
1597,ILE171 A HD12,0
1598,ILE171 A HD13,0
1599,ARG172 A N,0
1600,ARG172 A CA,0
1601,ARG172 A C,0
1602,ARG172 A O,0
1603,ARG172 A CB,1
1604,ARG172 A H,0
1605,ARG172 A HA,0
1606,LYS173 A N,0
1607,LYS173 A CA,0
1608,LYS173 A C,0
1609,LYS173 A O,0
1610,LYS173 A CB,1
1611,LYS173 A H,0
1612,LYS173 A HA,0
1613,ILE174 A N,0
1614,ILE174 A CA,0
1615,ILE174 A C,0
1616,ILE174 A O,0
1617,ILE174 A CB,0
1618,ILE174 A CG1,1
1619,ILE174 A CG2,0
1620,ILE174 A CD1,1
1621,ILE174 A H,0
1622,ILE174 A HA,0
1623,ILE174 A HB,0
1624,ILE174 A HG12,0
1625,ILE174 A HG13,0
1626,ILE174 A HG21,0
1627,ILE174 A HG22,0
1628,ILE174 A HG23,0
1629,ILE174 A HD11,0
1630,ILE174 A HD12,0
1631,ILE174 A HD13,0
1632,GLY175 A N,0
1633,GLY175 A CA,0
1634,GLY175 A C,0
1635,GLY175 A O,0
1636,GLY175 A H,0
1637,GLY175 A HA2,0
1638,GLY175 A HA3,0
1639,SER176 A N,0
1640,SER176 A CA,0
1641,SER176 A C,0
1642,SER176 A O,0
1643,SER176 A CB,0
1644,SER176 A OG,0
1645,SER176 A H,0
1646,SER176 A HA,0
1647,SER176 A HB2,0
1648,SER176 A HB3,0
1649,SER176 A HG,0
1650,PHE177 A N,0
1651,PHE177 A CA,0
1652,PHE177 A C,0
1653,PHE177 A O,0
1654,PHE177 A CB,1
1655,PHE177 A CG,0
1656,PHE177 A CD1,0
1657,PHE177 A CD2,0
1658,PHE177 A CE1,1
1659,PHE177 A CE2,1
1660,PHE177 A CZ,1
1661,PHE177 A H,0
1662,PHE177 A HA,0
1663,PHE177 A HB2,0
1664,PHE177 A HB3,0
1665,PHE177 A HD1,0
1666,PHE177 A HD2,0
1667,PHE177 A HE1,0
1668,PHE177 A HE2,0
1669,PHE177 A HZ,0
1670,ASP178 A N,0
1671,ASP178 A CA,0
1672,ASP178 A C,0
1673,ASP178 A O,0
1674,ASP178 A CB,1
1675,ASP178 A CG,0
1676,ASP178 A OD1,0
1677,ASP178 A OD2,0
1678,ASP178 A H,0
1679,ASP178 A HA,0
1680,ASP178 A HB2,0
1681,ASP178 A HB3,0
1682,GLU179 A N,0
1683,GLU179 A CA,0
1684,GLU179 A C,0
1685,GLU179 A O,0
1686,GLU179 A CB,1
1687,GLU179 A CG,1
1688,GLU179 A CD,0
1689,GLU179 A OE1,0
1690,GLU179 A OE2,0
1691,GLU179 A H,0
1692,GLU179 A HA,0
1693,GLU179 A HB2,0
1694,GLU179 A HB3,0
1695,GLU179 A HG2,0
1696,GLU179 A HG3,0
1697,THR180 A N,0
1698,THR180 A CA,0
1699,THR180 A C,0
1700,THR180 A O,0
1701,THR180 A CB,0
1702,THR180 A OG1,0
1703,THR180 A CG2,1
1704,THR180 A H,0
1705,THR180 A HA,0
1706,THR180 A HB,0
1707,THR180 A HG1,0
1708,THR180 A HG21,0
1709,THR180 A HG22,0
1710,THR180 A HG23,0
1711,CYS181 A N,0
1712,CYS181 A CA,0
1713,CYS181 A C,0
1714,CYS181 A O,0
1715,CYS181 A CB,1
1716,CYS181 A SG,1
1717,CYS181 A H,0
1718,CYS181 A HA,0
1719,CYS181 A HB2,0
1720,CYS181 A HB3,0
1721,CYS181 A HG,0
1722,THR182 A N,0
1723,THR182 A CA,0
1724,THR182 A C,0
1725,THR182 A O,0
1726,THR182 A CB,0
1727,THR182 A OG1,0
1728,THR182 A CG2,1
1729,THR182 A H,0
1730,THR182 A HA,0
1731,THR182 A HB,0
1732,THR182 A HG1,0
1733,THR182 A HG21,0
1734,THR182 A HG22,0
1735,THR182 A HG23,0
1736,ARG183 A N,0
1737,ARG183 A CA,0
1738,ARG183 A C,0
1739,ARG183 A O,0
1740,ARG183 A CB,1
1741,ARG183 A CG,1
1742,ARG183 A CD,0
1743,ARG183 A NE,0
1744,ARG183 A CZ,0
1745,ARG183 A NH1,0
1746,ARG183 A NH2,0
1747,ARG183 A H,0
1748,ARG183 A HA,0
1749,ARG183 A HB2,0
1750,ARG183 A HB3,0
1751,ARG183 A HG2,0
1752,ARG183 A HG3,0
1753,ARG183 A HD2,0
1754,ARG183 A HD3,0
1755,ARG183 A HE,0
1756,ARG183 A HH11,0
1757,ARG183 A HH12,0
1758,ARG183 A HH21,0
1759,ARG183 A HH22,0
1760,PHE184 A N,0
1761,PHE184 A CA,0
1762,PHE184 A C,0
1763,PHE184 A O,0
1764,PHE184 A CB,1
1765,PHE184 A CG,1
1766,PHE184 A CD1,0
1767,PHE184 A CD2,1
1768,PHE184 A CE1,0
1769,PHE184 A CE2,1
1770,PHE184 A CZ,1
1771,PHE184 A H,0
1772,PHE184 A HA,0
1773,PHE184 A HB2,0
1774,PHE184 A HB3,0
1775,PHE184 A HD1,0
1776,PHE184 A HD2,0
1777,PHE184 A HE1,0
1778,PHE184 A HE2,0
1779,PHE184 A HZ,0
1780,TYR185 A N,0
1781,TYR185 A CA,0
1782,TYR185 A C,0
1783,TYR185 A O,0
1784,TYR185 A CB,1
1785,TYR185 A CG,1
1786,TYR185 A CD1,1
1787,TYR185 A CD2,1
1788,TYR185 A CE1,1
1789,TYR185 A CE2,1
1790,TYR185 A CZ,0
1791,TYR185 A OH,0
1792,TYR185 A H,0
1793,TYR185 A HA,0
1794,TYR185 A HB2,0
1795,TYR185 A HB3,0
1796,TYR185 A HD1,0
1797,TYR185 A HD2,0
1798,TYR185 A HE1,0
1799,TYR185 A HE2,0
1800,TYR185 A HH,0
1801,THR186 A N,0
1802,THR186 A CA,0
1803,THR186 A C,0
1804,THR186 A O,0
1805,THR186 A CB,0
1806,THR186 A OG1,0
1807,THR186 A CG2,1
1808,THR186 A H,0
1809,THR186 A HA,0
1810,THR186 A HB,0
1811,THR186 A HG1,0
1812,THR186 A HG21,0
1813,THR186 A HG22,0
1814,THR186 A HG23,0
1815,ALA187 A N,0
1816,ALA187 A CA,0
1817,ALA187 A C,0
1818,ALA187 A O,0
1819,ALA187 A CB,1
1820,ALA187 A H,0
1821,ALA187 A HA,0
1822,ALA187 A HB1,0
1823,ALA187 A HB2,0
1824,ALA187 A HB3,0
1825,GLU188 A N,0
1826,GLU188 A CA,0
1827,GLU188 A C,0
1828,GLU188 A O,0
1829,GLU188 A CB,1
1830,GLU188 A CG,1
1831,GLU188 A CD,0
1832,GLU188 A OE1,0
1833,GLU188 A OE2,0
1834,GLU188 A H,0
1835,GLU188 A HA,0
1836,GLU188 A HB2,0
1837,GLU188 A HB3,0
1838,GLU188 A HG2,0
1839,GLU188 A HG3,0
1840,ILE189 A N,0
1841,ILE189 A CA,0
1842,ILE189 A C,0
1843,ILE189 A O,0
1844,ILE189 A CB,1
1845,ILE189 A CG1,1
1846,ILE189 A CG2,1
1847,ILE189 A CD1,1
1848,ILE189 A H,0
1849,ILE189 A HA,0
1850,ILE189 A HB,0
1851,ILE189 A HG12,0
1852,ILE189 A HG13,0
1853,ILE189 A HG21,0
1854,ILE189 A HG22,0
1855,ILE189 A HG23,0
1856,ILE189 A HD11,0
1857,ILE189 A HD12,0
1858,ILE189 A HD13,0
1859,VAL190 A N,0
1860,VAL190 A CA,0
1861,VAL190 A C,0
1862,VAL190 A O,0
1863,VAL190 A CB,1
1864,VAL190 A CG1,1
1865,VAL190 A CG2,1
1866,VAL190 A H,0
1867,VAL190 A HA,0
1868,VAL190 A HB,0
1869,VAL190 A HG11,0
1870,VAL190 A HG12,0
1871,VAL190 A HG13,0
1872,VAL190 A HG21,0
1873,VAL190 A HG22,0
1874,VAL190 A HG23,0
1875,SER191 A N,0
1876,SER191 A CA,0
1877,SER191 A C,0
1878,SER191 A O,0
1879,SER191 A CB,0
1880,SER191 A OG,0
1881,SER191 A H,0
1882,SER191 A HA,0
1883,SER191 A HB2,0
1884,SER191 A HB3,0
1885,SER191 A HG,0
1886,ALA192 A N,0
1887,ALA192 A CA,0
1888,ALA192 A C,0
1889,ALA192 A O,0
1890,ALA192 A CB,1
1891,ALA192 A H,0
1892,ALA192 A HA,0
1893,ALA192 A HB1,0
1894,ALA192 A HB2,0
1895,ALA192 A HB3,0
1896,LEU193 A N,0
1897,LEU193 A CA,0
1898,LEU193 A C,0
1899,LEU193 A O,0
1900,LEU193 A CB,1
1901,LEU193 A CG,1
1902,LEU193 A CD1,1
1903,LEU193 A CD2,1
1904,LEU193 A H,0
1905,LEU193 A HA,0
1906,LEU193 A HB2,0
1907,LEU193 A HB3,0
1908,LEU193 A HG,0
1909,LEU193 A HD11,0
1910,LEU193 A HD12,0
1911,LEU193 A HD13,0
1912,LEU193 A HD21,0
1913,LEU193 A HD22,0
1914,LEU193 A HD23,0
1915,GLU194 A N,0
1916,GLU194 A CA,0
1917,GLU194 A C,0
1918,GLU194 A O,0
1919,GLU194 A CB,1
1920,GLU194 A CG,0
1921,GLU194 A CD,0
1922,GLU194 A OE1,0
1923,GLU194 A OE2,0
1924,GLU194 A H,0
1925,GLU194 A HA,0
1926,GLU194 A HB2,0
1927,GLU194 A HB3,0
1928,GLU194 A HG2,0
1929,GLU194 A HG3,0
1930,TYR195 A N,0
1931,TYR195 A CA,0
1932,TYR195 A C,0
1933,TYR195 A O,0
1934,TYR195 A CB,1
1935,TYR195 A CG,0
1936,TYR195 A CD1,0
1937,TYR195 A CD2,1
1938,TYR195 A CE1,0
1939,TYR195 A CE2,1
1940,TYR195 A CZ,0
1941,TYR195 A OH,0
1942,TYR195 A H,0
1943,TYR195 A HA,0
1944,TYR195 A HB2,0
1945,TYR195 A HB3,0
1946,TYR195 A HD1,0
1947,TYR195 A HD2,0
1948,TYR195 A HE1,0
1949,TYR195 A HE2,0
1950,TYR195 A HH,0
1951,LEU196 A N,0
1952,LEU196 A CA,0
1953,LEU196 A C,0
1954,LEU196 A O,0
1955,LEU196 A CB,1
1956,LEU196 A CG,1
1957,LEU196 A CD1,1
1958,LEU196 A CD2,1
1959,LEU196 A H,0
1960,LEU196 A HA,0
1961,LEU196 A HB2,0
1962,LEU196 A HB3,0
1963,LEU196 A HG,0
1964,LEU196 A HD11,0
1965,LEU196 A HD12,0
1966,LEU196 A HD13,0
1967,LEU196 A HD21,0
1968,LEU196 A HD22,0
1969,LEU196 A HD23,0
1970,HIS197 A N,0
1971,HIS197 A CA,0
1972,HIS197 A C,0
1973,HIS197 A O,0
1974,HIS197 A CB,1
1975,HIS197 A CG,0
1976,HIS197 A ND1,0
1977,HIS197 A CD2,0
1978,HIS197 A CE1,0
1979,HIS197 A NE2,0
1980,HIS197 A H,0
1981,HIS197 A HA,0
1982,HIS197 A HB2,0
1983,HIS197 A HB3,0
1984,HIS197 A HD2,0
1985,HIS197 A HE1,0
1986,HIS197 A HE2,0
1987,GLY198 A N,0
1988,GLY198 A CA,0
1989,GLY198 A C,0
1990,GLY198 A O,0
1991,GLY198 A H,0
1992,GLY198 A HA2,0
1993,GLY198 A HA3,0
1994,LYS199 A N,0
1995,LYS199 A CA,0
1996,LYS199 A C,0
1997,LYS199 A O,0
1998,LYS199 A CB,0
1999,LYS199 A CG,0
2000,LYS199 A CD,1
2001,LYS199 A CE,0
2002,LYS199 A NZ,0
2003,LYS199 A H,0
2004,LYS199 A HA,0
2005,LYS199 A HB2,0
2006,LYS199 A HB3,0
2007,LYS199 A HG2,0
2008,LYS199 A HG3,0
2009,LYS199 A HD2,0
2010,LYS199 A HD3,0
2011,LYS199 A HE2,0
2012,LYS199 A HE3,0
2013,LYS199 A HZ1,0
2014,LYS199 A HZ2,0
2015,LYS199 A HZ3,0
2016,GLY200 A N,0
2017,GLY200 A CA,0
2018,GLY200 A C,0
2019,GLY200 A O,0
2020,GLY200 A H,0
2021,GLY200 A HA2,0
2022,GLY200 A HA3,0
2023,ILE201 A N,0
2024,ILE201 A CA,0
2025,ILE201 A C,0
2026,ILE201 A O,0
2027,ILE201 A CB,1
2028,ILE201 A CG1,1
2029,ILE201 A CG2,1
2030,ILE201 A CD1,1
2031,ILE201 A H,0
2032,ILE201 A HA,0
2033,ILE201 A HB,0
2034,ILE201 A HG12,0
2035,ILE201 A HG13,0
2036,ILE201 A HG21,0
2037,ILE201 A HG22,0
2038,ILE201 A HG23,0
2039,ILE201 A HD11,0
2040,ILE201 A HD12,0
2041,ILE201 A HD13,0
2042,ILE202 A N,0
2043,ILE202 A CA,0
2044,ILE202 A C,0
2045,ILE202 A O,0
2046,ILE202 A CB,1
2047,ILE202 A CG1,1
2048,ILE202 A CG2,1
2049,ILE202 A CD1,1
2050,ILE202 A H,0
2051,ILE202 A HA,0
2052,ILE202 A HB,0
2053,ILE202 A HG12,0
2054,ILE202 A HG13,0
2055,ILE202 A HG21,0
2056,ILE202 A HG22,0
2057,ILE202 A HG23,0
2058,ILE202 A HD11,0
2059,ILE202 A HD12,0
2060,ILE202 A HD13,0
2061,HIS203 A N,0
2062,HIS203 A CA,0
2063,HIS203 A C,0
2064,HIS203 A O,0
2065,HIS203 A CB,1
2066,HIS203 A CG,0
2067,HIS203 A ND1,0
2068,HIS203 A CD2,0
2069,HIS203 A CE1,0
2070,HIS203 A NE2,0
2071,HIS203 A H,0
2072,HIS203 A HA,0
2073,HIS203 A HB2,0
2074,HIS203 A HB3,0
2075,HIS203 A HD2,0
2076,HIS203 A HE1,0
2077,HIS203 A HE2,0
2078,ARG204 A N,0
2079,ARG204 A CA,0
2080,ARG204 A C,0
2081,ARG204 A O,0
2082,ARG204 A CB,1
2083,ARG204 A CG,1
2084,ARG204 A CD,0
2085,ARG204 A NE,0
2086,ARG204 A CZ,0
2087,ARG204 A NH1,0
2088,ARG204 A NH2,0
2089,ARG204 A H,0
2090,ARG204 A HA,0
2091,ARG204 A HB2,0
2092,ARG204 A HB3,0
2093,ARG204 A HG2,0
2094,ARG204 A HG3,0
2095,ARG204 A HD2,0
2096,ARG204 A HD3,0
2097,ARG204 A HE,0
2098,ARG204 A HH11,0
2099,ARG204 A HH12,0
2100,ARG204 A HH21,0
2101,ARG204 A HH22,0
2102,ASP205 A N,0
2103,ASP205 A CA,0
2104,ASP205 A C,0
2105,ASP205 A O,0
2106,ASP205 A CB,1
2107,ASP205 A CG,0
2108,ASP205 A OD1,0
2109,ASP205 A OD2,0
2110,ASP205 A H,0
2111,ASP205 A HA,0
2112,ASP205 A HB2,0
2113,ASP205 A HB3,0
2114,LEU206 A N,0
2115,LEU206 A CA,0
2116,LEU206 A C,0
2117,LEU206 A O,0
2118,LEU206 A CB,1
2119,LEU206 A CG,1
2120,LEU206 A CD1,1
2121,LEU206 A CD2,1
2122,LEU206 A H,0
2123,LEU206 A HA,0
2124,LEU206 A HB2,0
2125,LEU206 A HB3,0
2126,LEU206 A HG,0
2127,LEU206 A HD11,0
2128,LEU206 A HD12,0
2129,LEU206 A HD13,0
2130,LEU206 A HD21,0
2131,LEU206 A HD22,0
2132,LEU206 A HD23,0
2133,LYS207 A N,0
2134,LYS207 A CA,0
2135,LYS207 A C,0
2136,LYS207 A O,0
2137,LYS207 A CB,1
2138,LYS207 A CG,1
2139,LYS207 A CD,1
2140,LYS207 A CE,0
2141,LYS207 A NZ,0
2142,LYS207 A H,0
2143,LYS207 A HA,0
2144,LYS207 A HB2,0
2145,LYS207 A HB3,0
2146,LYS207 A HG2,0
2147,LYS207 A HG3,0
2148,LYS207 A HD2,0
2149,LYS207 A HD3,0
2150,LYS207 A HE2,0
2151,LYS207 A HE3,0
2152,LYS207 A HZ1,0
2153,LYS207 A HZ2,0
2154,LYS207 A HZ3,0
2155,PRO208 A N,0
2156,PRO208 A CA,0
2157,PRO208 A C,0
2158,PRO208 A O,0
2159,PRO208 A CB,1
2160,PRO208 A CG,1
2161,PRO208 A CD,0
2162,PRO208 A HA,0
2163,PRO208 A HB2,0
2164,PRO208 A HB3,0
2165,PRO208 A HG2,0
2166,PRO208 A HG3,0
2167,PRO208 A HD2,0
2168,PRO208 A HD3,0
2169,GLU209 A N,0
2170,GLU209 A CA,0
2171,GLU209 A C,0
2172,GLU209 A O,0
2173,GLU209 A CB,1
2174,GLU209 A CG,1
2175,GLU209 A CD,0
2176,GLU209 A OE1,0
2177,GLU209 A OE2,0
2178,GLU209 A H,0
2179,GLU209 A HA,0
2180,GLU209 A HB2,0
2181,GLU209 A HB3,0
2182,GLU209 A HG2,0
2183,GLU209 A HG3,0
2184,ASN210 A N,0
2185,ASN210 A CA,0
2186,ASN210 A C,0
2187,ASN210 A O,0
2188,ASN210 A CB,1
2189,ASN210 A CG,0
2190,ASN210 A OD1,0
2191,ASN210 A ND2,0
2192,ASN210 A H,0
2193,ASN210 A HA,0
2194,ASN210 A HB2,0
2195,ASN210 A HB3,0
2196,ASN210 A HD21,0
2197,ASN210 A HD22,0
2198,ILE211 A N,0
2199,ILE211 A CA,0
2200,ILE211 A C,0
2201,ILE211 A O,0
2202,ILE211 A CB,1
2203,ILE211 A CG1,1
2204,ILE211 A CG2,1
2205,ILE211 A CD1,1
2206,ILE211 A H,0
2207,ILE211 A HA,0
2208,ILE211 A HB,0
2209,ILE211 A HG12,0
2210,ILE211 A HG13,0
2211,ILE211 A HG21,0
2212,ILE211 A HG22,0
2213,ILE211 A HG23,0
2214,ILE211 A HD11,0
2215,ILE211 A HD12,0
2216,ILE211 A HD13,0
2217,LEU212 A N,0
2218,LEU212 A CA,0
2219,LEU212 A C,0
2220,LEU212 A O,0
2221,LEU212 A CB,1
2222,LEU212 A CG,1
2223,LEU212 A CD1,1
2224,LEU212 A CD2,1
2225,LEU212 A H,0
2226,LEU212 A HA,0
2227,LEU212 A HB2,0
2228,LEU212 A HB3,0
2229,LEU212 A HG,0
2230,LEU212 A HD11,0
2231,LEU212 A HD12,0
2232,LEU212 A HD13,0
2233,LEU212 A HD21,0
2234,LEU212 A HD22,0
2235,LEU212 A HD23,0
2236,LEU213 A N,0
2237,LEU213 A CA,0
2238,LEU213 A C,0
2239,LEU213 A O,0
2240,LEU213 A CB,1
2241,LEU213 A CG,1
2242,LEU213 A CD1,1
2243,LEU213 A CD2,1
2244,LEU213 A H,0
2245,LEU213 A HA,0
2246,LEU213 A HB2,0
2247,LEU213 A HB3,0
2248,LEU213 A HG,0
2249,LEU213 A HD11,0
2250,LEU213 A HD12,0
2251,LEU213 A HD13,0
2252,LEU213 A HD21,0
2253,LEU213 A HD22,0
2254,LEU213 A HD23,0
2255,ASN214 A N,0
2256,ASN214 A CA,0
2257,ASN214 A C,0
2258,ASN214 A O,0
2259,ASN214 A CB,1
2260,ASN214 A CG,0
2261,ASN214 A OD1,0
2262,ASN214 A ND2,0
2263,ASN214 A H,0
2264,ASN214 A HA,0
2265,ASN214 A HB2,0
2266,ASN214 A HB3,0
2267,ASN214 A HD21,0
2268,ASN214 A HD22,0
2269,GLU215 A N,0
2270,GLU215 A CA,0
2271,GLU215 A C,0
2272,GLU215 A O,0
2273,GLU215 A CB,1
2274,GLU215 A CG,0
2275,GLU215 A CD,0
2276,GLU215 A OE1,0
2277,GLU215 A OE2,0
2278,GLU215 A H,0
2279,GLU215 A HA,0
2280,GLU215 A HB2,0
2281,GLU215 A HB3,0
2282,GLU215 A HG2,0
2283,GLU215 A HG3,0
2284,ASP216 A N,0
2285,ASP216 A CA,0
2286,ASP216 A C,0
2287,ASP216 A O,0
2288,ASP216 A CB,1
2289,ASP216 A CG,0
2290,ASP216 A OD1,0
2291,ASP216 A OD2,0
2292,ASP216 A H,0
2293,ASP216 A HA,0
2294,ASP216 A HB2,0
2295,ASP216 A HB3,0
2296,MET217 A N,0
2297,MET217 A CA,0
2298,MET217 A C,0
2299,MET217 A O,0
2300,MET217 A CB,1
2301,MET217 A CG,1
2302,MET217 A SD,1
2303,MET217 A CE,1
2304,MET217 A H,0
2305,MET217 A HA,0
2306,MET217 A HB2,0
2307,MET217 A HB3,0
2308,MET217 A HG2,0
2309,MET217 A HG3,0
2310,MET217 A HE1,0
2311,MET217 A HE2,0
2312,MET217 A HE3,0
2313,HIS218 A N,0
2314,HIS218 A CA,0
2315,HIS218 A C,0
2316,HIS218 A O,0
2317,HIS218 A CB,1
2318,HIS218 A CG,0
2319,HIS218 A ND1,0
2320,HIS218 A CD2,0
2321,HIS218 A CE1,0
2322,HIS218 A NE2,0
2323,HIS218 A H,0
2324,HIS218 A HA,0
2325,HIS218 A HB2,0
2326,HIS218 A HB3,0
2327,HIS218 A HD1,0
2328,HIS218 A HD2,0
2329,HIS218 A HE1,0
2330,HIS218 A HE2,0
2331,ILE219 A N,0
2332,ILE219 A CA,0
2333,ILE219 A C,0
2334,ILE219 A O,0
2335,ILE219 A CB,1
2336,ILE219 A CG1,1
2337,ILE219 A CG2,1
2338,ILE219 A CD1,1
2339,ILE219 A H,0
2340,ILE219 A HA,0
2341,ILE219 A HB,0
2342,ILE219 A HG12,0
2343,ILE219 A HG13,0
2344,ILE219 A HG21,0
2345,ILE219 A HG22,0
2346,ILE219 A HG23,0
2347,ILE219 A HD11,0
2348,ILE219 A HD12,0
2349,ILE219 A HD13,0
2350,GLN220 A N,0
2351,GLN220 A CA,0
2352,GLN220 A C,0
2353,GLN220 A O,0
2354,GLN220 A CB,1
2355,GLN220 A CG,1
2356,GLN220 A CD,0
2357,GLN220 A OE1,0
2358,GLN220 A NE2,0
2359,GLN220 A H,0
2360,GLN220 A HA,0
2361,GLN220 A HB2,0
2362,GLN220 A HB3,0
2363,GLN220 A HG2,0
2364,GLN220 A HG3,0
2365,GLN220 A HE21,0
2366,GLN220 A HE22,0
2367,ILE221 A N,0
2368,ILE221 A CA,0
2369,ILE221 A C,0
2370,ILE221 A O,0
2371,ILE221 A CB,1
2372,ILE221 A CG1,1
2373,ILE221 A CG2,1
2374,ILE221 A CD1,1
2375,ILE221 A H,0
2376,ILE221 A HA,0
2377,ILE221 A HB,0
2378,ILE221 A HG12,0
2379,ILE221 A HG13,0
2380,ILE221 A HG21,0
2381,ILE221 A HG22,0
2382,ILE221 A HG23,0
2383,ILE221 A HD11,0
2384,ILE221 A HD12,0
2385,ILE221 A HD13,0
2386,THR222 A N,0
2387,THR222 A CA,0
2388,THR222 A C,0
2389,THR222 A O,0
2390,THR222 A CB,0
2391,THR222 A OG1,0
2392,THR222 A CG2,1
2393,THR222 A H,0
2394,THR222 A HA,0
2395,THR222 A HB,0
2396,THR222 A HG1,0
2397,THR222 A HG21,0
2398,THR222 A HG22,0
2399,THR222 A HG23,0
2400,ASP223 A N,0
2401,ASP223 A CA,0
2402,ASP223 A C,0
2403,ASP223 A O,0
2404,ASP223 A CB,1
2405,ASP223 A CG,0
2406,ASP223 A OD1,0
2407,ASP223 A OD2,0
2408,ASP223 A H,0
2409,ASP223 A HA,0
2410,ASP223 A HB2,0
2411,ASP223 A HB3,0
2412,PHE224 A N,0
2413,PHE224 A CA,0
2414,PHE224 A C,0
2415,PHE224 A O,0
2416,PHE224 A CB,1
2417,PHE224 A CG,1
2418,PHE224 A CD1,1
2419,PHE224 A CD2,1
2420,PHE224 A CE1,1
2421,PHE224 A CE2,1
2422,PHE224 A CZ,1
2423,PHE224 A H,0
2424,PHE224 A HA,0
2425,PHE224 A HB2,0
2426,PHE224 A HB3,0
2427,PHE224 A HD1,0
2428,PHE224 A HD2,0
2429,PHE224 A HE1,0
2430,PHE224 A HE2,0
2431,PHE224 A HZ,0
2432,GLY225 A N,0
2433,GLY225 A CA,0
2434,GLY225 A C,0
2435,GLY225 A O,0
2436,GLY225 A H,0
2437,GLY225 A HA2,0
2438,GLY225 A HA3,0
2439,THR226 A N,0
2440,THR226 A CA,0
2441,THR226 A C,0
2442,THR226 A O,0
2443,THR226 A CB,0
2444,THR226 A OG1,0
2445,THR226 A CG2,1
2446,THR226 A H,0
2447,THR226 A HA,0
2448,THR226 A HB,0
2449,THR226 A HG1,0
2450,THR226 A HG21,0
2451,THR226 A HG22,0
2452,THR226 A HG23,0
2453,ALA227 A N,0
2454,ALA227 A CA,0
2455,ALA227 A C,0
2456,ALA227 A O,0
2457,ALA227 A CB,1
2458,ALA227 A H,0
2459,ALA227 A HA,0
2460,ALA227 A HB1,0
2461,ALA227 A HB2,0
2462,ALA227 A HB3,0
2463,LYS228 A N,0
2464,LYS228 A CA,0
2465,LYS228 A C,0
2466,LYS228 A O,0
2467,LYS228 A CB,1
2468,LYS228 A CG,1
2469,LYS228 A CD,1
2470,LYS228 A CE,0
2471,LYS228 A NZ,0
2472,LYS228 A H,0
2473,LYS228 A HA,0
2474,LYS228 A HB2,0
2475,LYS228 A HB3,0
2476,LYS228 A HG2,0
2477,LYS228 A HG3,0
2478,LYS228 A HD2,0
2479,LYS228 A HD3,0
2480,LYS228 A HE2,0
2481,LYS228 A HE3,0
2482,LYS228 A HZ1,0
2483,LYS228 A HZ2,0
2484,LYS228 A HZ3,0
2485,VAL229 A N,0
2486,VAL229 A CA,0
2487,VAL229 A C,0
2488,VAL229 A O,0
2489,VAL229 A CB,1
2490,VAL229 A CG1,0
2491,VAL229 A CG2,1
2492,VAL229 A H,0
2493,VAL229 A HA,0
2494,VAL229 A HB,0
2495,VAL229 A HG11,0
2496,VAL229 A HG12,0
2497,VAL229 A HG13,0
2498,VAL229 A HG21,0
2499,VAL229 A HG22,0
2500,VAL229 A HG23,0
2501,LEU230 A N,0
2502,LEU230 A CA,0
2503,LEU230 A C,0
2504,LEU230 A O,0
2505,LEU230 A CB,0
2506,LEU230 A CG,0
2507,LEU230 A CD1,0
2508,LEU230 A CD2,1
2509,LEU230 A H,0
2510,LEU230 A HA,0
2511,LEU230 A HB2,0
2512,LEU230 A HB3,0
2513,LEU230 A HG,0
2514,LEU230 A HD11,0
2515,LEU230 A HD12,0
2516,LEU230 A HD13,0
2517,LEU230 A HD21,0
2518,LEU230 A HD22,0
2519,LEU230 A HD23,0
2520,SER231 A N,0
2521,SER231 A CA,0
2522,SER231 A C,0
2523,SER231 A O,0
2524,SER231 A CB,0
2525,SER231 A OG,0
2526,SER231 A H,0
2527,SER231 A HA,0
2528,SER231 A HB2,0
2529,SER231 A HB3,0
2530,SER231 A HG,0
2531,SEP241 A N,0
2532,SEP241 A CA,0
2533,SEP241 A CB,0
2534,SEP241 A OG,0
2535,SEP241 A C,0
2536,SEP241 A O,0
2537,SEP241 A P,0
2538,SEP241 A O1P,0
2539,SEP241 A O2P,0
2540,SEP241 A O3P,0
2541,SEP241 A HB3,0
2542,SEP241 A HB2,0
2543,SEP241 A HA,0
2544,SEP241 A H2,0
2545,SEP241 A H,0
2546,PHE242 A N,0
2547,PHE242 A CA,0
2548,PHE242 A C,0
2549,PHE242 A O,0
2550,PHE242 A CB,0
2551,PHE242 A CG,0
2552,PHE242 A CD1,1
2553,PHE242 A CD2,0
2554,PHE242 A CE1,1
2555,PHE242 A CE2,0
2556,PHE242 A CZ,1
2557,PHE242 A H,0
2558,PHE242 A HA,0
2559,PHE242 A HB2,0
2560,PHE242 A HB3,0
2561,PHE242 A HD1,0
2562,PHE242 A HD2,0
2563,PHE242 A HE1,0
2564,PHE242 A HE2,0
2565,PHE242 A HZ,0
2566,VAL243 A N,0
2567,VAL243 A CA,0
2568,VAL243 A C,0
2569,VAL243 A O,0
2570,VAL243 A CB,1
2571,VAL243 A CG1,1
2572,VAL243 A CG2,1
2573,VAL243 A H,0
2574,VAL243 A HA,0
2575,VAL243 A HB,0
2576,VAL243 A HG11,0
2577,VAL243 A HG12,0
2578,VAL243 A HG13,0
2579,VAL243 A HG21,0
2580,VAL243 A HG22,0
2581,VAL243 A HG23,0
2582,GLY244 A N,0
2583,GLY244 A CA,0
2584,GLY244 A C,0
2585,GLY244 A O,0
2586,GLY244 A H,0
2587,GLY244 A HA2,0
2588,GLY244 A HA3,0
2589,THR245 A N,0
2590,THR245 A CA,0
2591,THR245 A C,0
2592,THR245 A O,0
2593,THR245 A CB,0
2594,THR245 A OG1,0
2595,THR245 A CG2,1
2596,THR245 A H,0
2597,THR245 A HA,0
2598,THR245 A HB,0
2599,THR245 A HG1,0
2600,THR245 A HG21,0
2601,THR245 A HG22,0
2602,THR245 A HG23,0
2603,ALA246 A N,0
2604,ALA246 A CA,0
2605,ALA246 A C,0
2606,ALA246 A O,0
2607,ALA246 A CB,1
2608,ALA246 A H,0
2609,ALA246 A HA,0
2610,ALA246 A HB1,0
2611,ALA246 A HB2,0
2612,ALA246 A HB3,0
2613,GLN247 A N,0
2614,GLN247 A CA,0
2615,GLN247 A C,0
2616,GLN247 A O,0
2617,GLN247 A CB,1
2618,GLN247 A CG,1
2619,GLN247 A CD,0
2620,GLN247 A OE1,0
2621,GLN247 A NE2,0
2622,GLN247 A H,0
2623,GLN247 A HA,0
2624,GLN247 A HB2,0
2625,GLN247 A HB3,0
2626,GLN247 A HG2,0
2627,GLN247 A HG3,0
2628,GLN247 A HE21,0
2629,GLN247 A HE22,0
2630,TYR248 A N,0
2631,TYR248 A CA,0
2632,TYR248 A C,0
2633,TYR248 A O,0
2634,TYR248 A CB,1
2635,TYR248 A CG,1
2636,TYR248 A CD1,1
2637,TYR248 A CD2,1
2638,TYR248 A CE1,1
2639,TYR248 A CE2,1
2640,TYR248 A CZ,0
2641,TYR248 A OH,0
2642,TYR248 A H,0
2643,TYR248 A HA,0
2644,TYR248 A HB2,0
2645,TYR248 A HB3,0
2646,TYR248 A HD1,0
2647,TYR248 A HD2,0
2648,TYR248 A HE1,0
2649,TYR248 A HE2,0
2650,TYR248 A HH,0
2651,VAL249 A N,0
2652,VAL249 A CA,0
2653,VAL249 A C,0
2654,VAL249 A O,0
2655,VAL249 A CB,1
2656,VAL249 A CG1,1
2657,VAL249 A CG2,1
2658,VAL249 A H,0
2659,VAL249 A HA,0
2660,VAL249 A HB,0
2661,VAL249 A HG11,0
2662,VAL249 A HG12,0
2663,VAL249 A HG13,0
2664,VAL249 A HG21,0
2665,VAL249 A HG22,0
2666,VAL249 A HG23,0
2667,SER250 A N,0
2668,SER250 A CA,0
2669,SER250 A C,0
2670,SER250 A O,0
2671,SER250 A CB,0
2672,SER250 A OG,0
2673,SER250 A H,0
2674,SER250 A HA,0
2675,SER250 A HB2,0
2676,SER250 A HB3,0
2677,SER250 A HG,0
2678,PRO251 A N,0
2679,PRO251 A CA,0
2680,PRO251 A C,0
2681,PRO251 A O,0
2682,PRO251 A CB,1
2683,PRO251 A CG,1
2684,PRO251 A CD,0
2685,PRO251 A HA,0
2686,PRO251 A HB2,0
2687,PRO251 A HB3,0
2688,PRO251 A HG2,0
2689,PRO251 A HG3,0
2690,PRO251 A HD2,0
2691,PRO251 A HD3,0
2692,GLU252 A N,0
2693,GLU252 A CA,0
2694,GLU252 A C,0
2695,GLU252 A O,0
2696,GLU252 A CB,0
2697,GLU252 A CG,1
2698,GLU252 A CD,0
2699,GLU252 A OE1,0
2700,GLU252 A OE2,0
2701,GLU252 A H,0
2702,GLU252 A HA,0
2703,GLU252 A HB2,0
2704,GLU252 A HB3,0
2705,GLU252 A HG2,0
2706,GLU252 A HG3,0
2707,LEU253 A N,0
2708,LEU253 A CA,0
2709,LEU253 A C,0
2710,LEU253 A O,0
2711,LEU253 A CB,1
2712,LEU253 A CG,1
2713,LEU253 A CD1,1
2714,LEU253 A CD2,1
2715,LEU253 A H,0
2716,LEU253 A HA,0
2717,LEU253 A HB2,0
2718,LEU253 A HB3,0
2719,LEU253 A HG,0
2720,LEU253 A HD11,0
2721,LEU253 A HD12,0
2722,LEU253 A HD13,0
2723,LEU253 A HD21,0
2724,LEU253 A HD22,0
2725,LEU253 A HD23,0
2726,LEU254 A N,0
2727,LEU254 A CA,0
2728,LEU254 A C,0
2729,LEU254 A O,0
2730,LEU254 A CB,0
2731,LEU254 A CG,1
2732,LEU254 A CD1,1
2733,LEU254 A CD2,1
2734,LEU254 A H,0
2735,LEU254 A HA,0
2736,LEU254 A HB2,0
2737,LEU254 A HB3,0
2738,LEU254 A HG,0
2739,LEU254 A HD11,0
2740,LEU254 A HD12,0
2741,LEU254 A HD13,0
2742,LEU254 A HD21,0
2743,LEU254 A HD22,0
2744,LEU254 A HD23,0
2745,THR255 A N,0
2746,THR255 A CA,0
2747,THR255 A C,0
2748,THR255 A O,0
2749,THR255 A CB,0
2750,THR255 A OG1,0
2751,THR255 A CG2,0
2752,THR255 A H,0
2753,THR255 A HA,0
2754,THR255 A HB,0
2755,THR255 A HG1,0
2756,THR255 A HG21,0
2757,THR255 A HG22,0
2758,THR255 A HG23,0
2759,GLU256 A N,0
2760,GLU256 A CA,0
2761,GLU256 A C,0
2762,GLU256 A O,0
2763,GLU256 A CB,0
2764,GLU256 A CG,0
2765,GLU256 A CD,0
2766,GLU256 A OE1,0
2767,GLU256 A OE2,0
2768,GLU256 A H,0
2769,GLU256 A HA,0
2770,GLU256 A HB2,0
2771,GLU256 A HB3,0
2772,GLU256 A HG2,0
2773,GLU256 A HG3,0
2774,LYS257 A N,0
2775,LYS257 A CA,0
2776,LYS257 A C,0
2777,LYS257 A O,0
2778,LYS257 A CB,0
2779,LYS257 A CG,0
2780,LYS257 A CD,0
2781,LYS257 A CE,0
2782,LYS257 A NZ,0
2783,LYS257 A H,0
2784,LYS257 A HA,0
2785,LYS257 A HB2,0
2786,LYS257 A HB3,0
2787,LYS257 A HG2,0
2788,LYS257 A HG3,0
2789,LYS257 A HD2,0
2790,LYS257 A HD3,0
2791,LYS257 A HE2,0
2792,LYS257 A HE3,0
2793,LYS257 A HZ1,0
2794,LYS257 A HZ2,0
2795,LYS257 A HZ3,0
2796,SER258 A N,0
2797,SER258 A CA,0
2798,SER258 A C,0
2799,SER258 A O,0
2800,SER258 A CB,0
2801,SER258 A OG,0
2802,SER258 A H,0
2803,SER258 A HA,0
2804,SER258 A HB2,0
2805,SER258 A HB3,0
2806,SER258 A HG,0
2807,ALA259 A N,0
2808,ALA259 A CA,0
2809,ALA259 A C,0
2810,ALA259 A O,0
2811,ALA259 A CB,1
2812,ALA259 A H,0
2813,ALA259 A HA,0
2814,ALA259 A HB1,0
2815,ALA259 A HB2,0
2816,ALA259 A HB3,0
2817,CYS260 A N,0
2818,CYS260 A CA,0
2819,CYS260 A C,0
2820,CYS260 A O,0
2821,CYS260 A CB,1
2822,CYS260 A SG,1
2823,CYS260 A H,0
2824,CYS260 A HA,0
2825,CYS260 A HB2,0
2826,CYS260 A HB3,0
2827,CYS260 A HG,0
2828,LYS261 A N,0
2829,LYS261 A CA,0
2830,LYS261 A C,0
2831,LYS261 A O,0
2832,LYS261 A CB,1
2833,LYS261 A CG,1
2834,LYS261 A CD,1
2835,LYS261 A CE,0
2836,LYS261 A NZ,0
2837,LYS261 A H,0
2838,LYS261 A HA,0
2839,LYS261 A HB2,0
2840,LYS261 A HB3,0
2841,LYS261 A HG2,0
2842,LYS261 A HG3,0
2843,LYS261 A HD2,0
2844,LYS261 A HD3,0
2845,LYS261 A HE2,0
2846,LYS261 A HE3,0
2847,LYS261 A HZ1,0
2848,LYS261 A HZ2,0
2849,LYS261 A HZ3,0
2850,SER262 A N,0
2851,SER262 A CA,0
2852,SER262 A C,0
2853,SER262 A O,0
2854,SER262 A CB,0
2855,SER262 A OG,0
2856,SER262 A H,0
2857,SER262 A HA,0
2858,SER262 A HB2,0
2859,SER262 A HB3,0
2860,SER262 A HG,0
2861,SER263 A N,0
2862,SER263 A CA,0
2863,SER263 A C,0
2864,SER263 A O,0
2865,SER263 A CB,0
2866,SER263 A OG,0
2867,SER263 A H,0
2868,SER263 A HA,0
2869,SER263 A HB2,0
2870,SER263 A HB3,0
2871,SER263 A HG,0
2872,ASP264 A N,0
2873,ASP264 A CA,0
2874,ASP264 A C,0
2875,ASP264 A O,0
2876,ASP264 A CB,1
2877,ASP264 A CG,0
2878,ASP264 A OD1,0
2879,ASP264 A OD2,0
2880,ASP264 A H,0
2881,ASP264 A HA,0
2882,ASP264 A HB2,0
2883,ASP264 A HB3,0
2884,LEU265 A N,0
2885,LEU265 A CA,0
2886,LEU265 A C,0
2887,LEU265 A O,0
2888,LEU265 A CB,1
2889,LEU265 A CG,1
2890,LEU265 A CD1,1
2891,LEU265 A CD2,1
2892,LEU265 A H,0
2893,LEU265 A HA,0
2894,LEU265 A HB2,0
2895,LEU265 A HB3,0
2896,LEU265 A HG,0
2897,LEU265 A HD11,0
2898,LEU265 A HD12,0
2899,LEU265 A HD13,0
2900,LEU265 A HD21,0
2901,LEU265 A HD22,0
2902,LEU265 A HD23,0
2903,TRP266 A N,0
2904,TRP266 A CA,0
2905,TRP266 A C,0
2906,TRP266 A O,0
2907,TRP266 A CB,1
2908,TRP266 A CG,1
2909,TRP266 A CD1,0
2910,TRP266 A CD2,1
2911,TRP266 A NE1,0
2912,TRP266 A CE2,0
2913,TRP266 A CE3,1
2914,TRP266 A CZ2,1
2915,TRP266 A CZ3,1
2916,TRP266 A CH2,1
2917,TRP266 A H,0
2918,TRP266 A HA,0
2919,TRP266 A HB2,0
2920,TRP266 A HB3,0
2921,TRP266 A HD1,0
2922,TRP266 A HE1,0
2923,TRP266 A HE3,0
2924,TRP266 A HZ2,0
2925,TRP266 A HZ3,0
2926,TRP266 A HH2,0
2927,ALA267 A N,0
2928,ALA267 A CA,0
2929,ALA267 A C,0
2930,ALA267 A O,0
2931,ALA267 A CB,1
2932,ALA267 A H,0
2933,ALA267 A HA,0
2934,ALA267 A HB1,0
2935,ALA267 A HB2,0
2936,ALA267 A HB3,0
2937,LEU268 A N,0
2938,LEU268 A CA,0
2939,LEU268 A C,0
2940,LEU268 A O,0
2941,LEU268 A CB,1
2942,LEU268 A CG,1
2943,LEU268 A CD1,1
2944,LEU268 A CD2,1
2945,LEU268 A H,0
2946,LEU268 A HA,0
2947,LEU268 A HB2,0
2948,LEU268 A HB3,0
2949,LEU268 A HG,0
2950,LEU268 A HD11,0
2951,LEU268 A HD12,0
2952,LEU268 A HD13,0
2953,LEU268 A HD21,0
2954,LEU268 A HD22,0
2955,LEU268 A HD23,0
2956,GLY269 A N,0
2957,GLY269 A CA,0
2958,GLY269 A C,0
2959,GLY269 A O,0
2960,GLY269 A H,0
2961,GLY269 A HA2,0
2962,GLY269 A HA3,0
2963,CYS270 A N,0
2964,CYS270 A CA,0
2965,CYS270 A C,0
2966,CYS270 A O,0
2967,CYS270 A CB,1
2968,CYS270 A SG,1
2969,CYS270 A H,0
2970,CYS270 A HA,0
2971,CYS270 A HB2,0
2972,CYS270 A HB3,0
2973,CYS270 A HG,0
2974,ILE271 A N,0
2975,ILE271 A CA,0
2976,ILE271 A C,0
2977,ILE271 A O,0
2978,ILE271 A CB,1
2979,ILE271 A CG1,1
2980,ILE271 A CG2,1
2981,ILE271 A CD1,1
2982,ILE271 A H,0
2983,ILE271 A HA,0
2984,ILE271 A HB,0
2985,ILE271 A HG12,0
2986,ILE271 A HG13,0
2987,ILE271 A HG21,0
2988,ILE271 A HG22,0
2989,ILE271 A HG23,0
2990,ILE271 A HD11,0
2991,ILE271 A HD12,0
2992,ILE271 A HD13,0
2993,ILE272 A N,0
2994,ILE272 A CA,0
2995,ILE272 A C,0
2996,ILE272 A O,0
2997,ILE272 A CB,1
2998,ILE272 A CG1,1
2999,ILE272 A CG2,1
3000,ILE272 A CD1,1
3001,ILE272 A H,0
3002,ILE272 A HA,0
3003,ILE272 A HB,0
3004,ILE272 A HG12,0
3005,ILE272 A HG13,0
3006,ILE272 A HG21,0
3007,ILE272 A HG22,0
3008,ILE272 A HG23,0
3009,ILE272 A HD11,0
3010,ILE272 A HD12,0
3011,ILE272 A HD13,0
3012,TYR273 A N,0
3013,TYR273 A CA,0
3014,TYR273 A C,0
3015,TYR273 A O,0
3016,TYR273 A CB,1
3017,TYR273 A CG,1
3018,TYR273 A CD1,1
3019,TYR273 A CD2,1
3020,TYR273 A CE1,1
3021,TYR273 A CE2,1
3022,TYR273 A CZ,0
3023,TYR273 A OH,0
3024,TYR273 A H,0
3025,TYR273 A HA,0
3026,TYR273 A HB2,0
3027,TYR273 A HB3,0
3028,TYR273 A HD1,0
3029,TYR273 A HD2,0
3030,TYR273 A HE1,0
3031,TYR273 A HE2,0
3032,TYR273 A HH,0
3033,GLN274 A N,0
3034,GLN274 A CA,0
3035,GLN274 A C,0
3036,GLN274 A O,0
3037,GLN274 A CB,1
3038,GLN274 A CG,1
3039,GLN274 A CD,0
3040,GLN274 A OE1,0
3041,GLN274 A NE2,0
3042,GLN274 A H,0
3043,GLN274 A HA,0
3044,GLN274 A HB2,0
3045,GLN274 A HB3,0
3046,GLN274 A HG2,0
3047,GLN274 A HG3,0
3048,GLN274 A HE21,0
3049,GLN274 A HE22,0
3050,LEU275 A N,0
3051,LEU275 A CA,0
3052,LEU275 A C,0
3053,LEU275 A O,0
3054,LEU275 A CB,1
3055,LEU275 A CG,1
3056,LEU275 A CD1,1
3057,LEU275 A CD2,1
3058,LEU275 A H,0
3059,LEU275 A HA,0
3060,LEU275 A HB2,0
3061,LEU275 A HB3,0
3062,LEU275 A HG,0
3063,LEU275 A HD11,0
3064,LEU275 A HD12,0
3065,LEU275 A HD13,0
3066,LEU275 A HD21,0
3067,LEU275 A HD22,0
3068,LEU275 A HD23,0
3069,VAL276 A N,0
3070,VAL276 A CA,0
3071,VAL276 A C,0
3072,VAL276 A O,0
3073,VAL276 A CB,1
3074,VAL276 A CG1,1
3075,VAL276 A CG2,1
3076,VAL276 A H,0
3077,VAL276 A HA,0
3078,VAL276 A HB,0
3079,VAL276 A HG11,0
3080,VAL276 A HG12,0
3081,VAL276 A HG13,0
3082,VAL276 A HG21,0
3083,VAL276 A HG22,0
3084,VAL276 A HG23,0
3085,ALA277 A N,0
3086,ALA277 A CA,0
3087,ALA277 A C,0
3088,ALA277 A O,0
3089,ALA277 A CB,1
3090,ALA277 A H,0
3091,ALA277 A HA,0
3092,ALA277 A HB1,0
3093,ALA277 A HB2,0
3094,ALA277 A HB3,0
3095,GLY278 A N,0
3096,GLY278 A CA,0
3097,GLY278 A C,0
3098,GLY278 A O,0
3099,GLY278 A H,0
3100,GLY278 A HA2,0
3101,GLY278 A HA3,0
3102,LEU279 A N,0
3103,LEU279 A CA,0
3104,LEU279 A C,0
3105,LEU279 A O,0
3106,LEU279 A CB,1
3107,LEU279 A CG,0
3108,LEU279 A CD1,0
3109,LEU279 A CD2,0
3110,LEU279 A H,0
3111,LEU279 A HA,0
3112,LEU279 A HB2,0
3113,LEU279 A HB3,0
3114,LEU279 A HG,0
3115,LEU279 A HD11,0
3116,LEU279 A HD12,0
3117,LEU279 A HD13,0
3118,LEU279 A HD21,0
3119,LEU279 A HD22,0
3120,LEU279 A HD23,0
3121,PRO280 A N,0
3122,PRO280 A CA,0
3123,PRO280 A C,0
3124,PRO280 A O,0
3125,PRO280 A CB,1
3126,PRO280 A CG,1
3127,PRO280 A CD,0
3128,PRO280 A HA,0
3129,PRO280 A HB2,0
3130,PRO280 A HB3,0
3131,PRO280 A HG2,0
3132,PRO280 A HG3,0
3133,PRO280 A HD2,0
3134,PRO280 A HD3,0
3135,PRO281 A N,0
3136,PRO281 A CA,0
3137,PRO281 A C,0
3138,PRO281 A O,0
3139,PRO281 A CB,1
3140,PRO281 A CG,1
3141,PRO281 A CD,0
3142,PRO281 A HA,0
3143,PRO281 A HB2,0
3144,PRO281 A HB3,0
3145,PRO281 A HG2,0
3146,PRO281 A HG3,0
3147,PRO281 A HD2,0
3148,PRO281 A HD3,0
3149,PHE282 A N,0
3150,PHE282 A CA,0
3151,PHE282 A C,0
3152,PHE282 A O,0
3153,PHE282 A CB,1
3154,PHE282 A CG,1
3155,PHE282 A CD1,1
3156,PHE282 A CD2,1
3157,PHE282 A CE1,1
3158,PHE282 A CE2,1
3159,PHE282 A CZ,1
3160,PHE282 A H,0
3161,PHE282 A HA,0
3162,PHE282 A HB2,0
3163,PHE282 A HB3,0
3164,PHE282 A HD1,0
3165,PHE282 A HD2,0
3166,PHE282 A HE1,0
3167,PHE282 A HE2,0
3168,PHE282 A HZ,0
3169,ARG283 A N,0
3170,ARG283 A CA,0
3171,ARG283 A C,0
3172,ARG283 A O,0
3173,ARG283 A CB,1
3174,ARG283 A CG,1
3175,ARG283 A CD,0
3176,ARG283 A NE,0
3177,ARG283 A CZ,0
3178,ARG283 A NH1,0
3179,ARG283 A NH2,0
3180,ARG283 A H,0
3181,ARG283 A HA,0
3182,ARG283 A HB2,0
3183,ARG283 A HB3,0
3184,ARG283 A HG2,0
3185,ARG283 A HG3,0
3186,ARG283 A HD2,0
3187,ARG283 A HD3,0
3188,ARG283 A HE,0
3189,ARG283 A HH11,0
3190,ARG283 A HH12,0
3191,ARG283 A HH21,0
3192,ARG283 A HH22,0
3193,ALA284 A N,0
3194,ALA284 A CA,0
3195,ALA284 A C,0
3196,ALA284 A O,0
3197,ALA284 A CB,1
3198,ALA284 A H,0
3199,ALA284 A HA,0
3200,ALA284 A HB1,0
3201,ALA284 A HB2,0
3202,ALA284 A HB3,0
3203,GLY285 A N,0
3204,GLY285 A CA,0
3205,GLY285 A C,0
3206,GLY285 A O,0
3207,GLY285 A H,0
3208,GLY285 A HA2,0
3209,GLY285 A HA3,0
3210,ASN286 A N,0
3211,ASN286 A CA,0
3212,ASN286 A C,0
3213,ASN286 A O,0
3214,ASN286 A CB,0
3215,ASN286 A CG,0
3216,ASN286 A OD1,0
3217,ASN286 A ND2,0
3218,ASN286 A H,0
3219,ASN286 A HA,0
3220,ASN286 A HB2,0
3221,ASN286 A HB3,0
3222,ASN286 A HD21,0
3223,ASN286 A HD22,0
3224,GLU287 A N,0
3225,GLU287 A CA,0
3226,GLU287 A C,0
3227,GLU287 A O,0
3228,GLU287 A CB,1
3229,GLU287 A CG,1
3230,GLU287 A CD,0
3231,GLU287 A OE1,0
3232,GLU287 A OE2,0
3233,GLU287 A H,0
3234,GLU287 A HA,0
3235,GLU287 A HB2,0
3236,GLU287 A HB3,0
3237,GLU287 A HG2,0
3238,GLU287 A HG3,0
3239,TYR288 A N,0
3240,TYR288 A CA,0
3241,TYR288 A C,0
3242,TYR288 A O,0
3243,TYR288 A CB,0
3244,TYR288 A CG,0
3245,TYR288 A CD1,0
3246,TYR288 A CD2,0
3247,TYR288 A CE1,0
3248,TYR288 A CE2,0
3249,TYR288 A CZ,0
3250,TYR288 A OH,0
3251,TYR288 A H,0
3252,TYR288 A HA,0
3253,TYR288 A HB2,0
3254,TYR288 A HB3,0
3255,TYR288 A HD1,0
3256,TYR288 A HD2,0
3257,TYR288 A HE1,0
3258,TYR288 A HE2,0
3259,TYR288 A HH,0
3260,LEU289 A N,0
3261,LEU289 A CA,0
3262,LEU289 A C,0
3263,LEU289 A O,0
3264,LEU289 A CB,1
3265,LEU289 A CG,1
3266,LEU289 A CD1,0
3267,LEU289 A CD2,0
3268,LEU289 A H,0
3269,LEU289 A HA,0
3270,LEU289 A HB2,0
3271,LEU289 A HB3,0
3272,LEU289 A HG,0
3273,LEU289 A HD11,0
3274,LEU289 A HD12,0
3275,LEU289 A HD13,0
3276,LEU289 A HD21,0
3277,LEU289 A HD22,0
3278,LEU289 A HD23,0
3279,ILE290 A N,0
3280,ILE290 A CA,0
3281,ILE290 A C,0
3282,ILE290 A O,0
3283,ILE290 A CB,1
3284,ILE290 A CG1,1
3285,ILE290 A CG2,1
3286,ILE290 A CD1,1
3287,ILE290 A H,0
3288,ILE290 A HA,0
3289,ILE290 A HB,0
3290,ILE290 A HG12,0
3291,ILE290 A HG13,0
3292,ILE290 A HG21,0
3293,ILE290 A HG22,0
3294,ILE290 A HG23,0
3295,ILE290 A HD11,0
3296,ILE290 A HD12,0
3297,ILE290 A HD13,0
3298,PHE291 A N,0
3299,PHE291 A CA,0
3300,PHE291 A C,0
3301,PHE291 A O,0
3302,PHE291 A CB,1
3303,PHE291 A CG,1
3304,PHE291 A CD1,1
3305,PHE291 A CD2,0
3306,PHE291 A CE1,1
3307,PHE291 A CE2,0
3308,PHE291 A CZ,1
3309,PHE291 A H,0
3310,PHE291 A HA,0
3311,PHE291 A HB2,0
3312,PHE291 A HB3,0
3313,PHE291 A HD1,0
3314,PHE291 A HD2,0
3315,PHE291 A HE1,0
3316,PHE291 A HE2,0
3317,PHE291 A HZ,0
3318,GLN292 A N,0
3319,GLN292 A CA,0
3320,GLN292 A C,0
3321,GLN292 A O,0
3322,GLN292 A CB,1
3323,GLN292 A CG,1
3324,GLN292 A CD,0
3325,GLN292 A OE1,0
3326,GLN292 A NE2,0
3327,GLN292 A H,0
3328,GLN292 A HA,0
3329,GLN292 A HB2,0
3330,GLN292 A HB3,0
3331,GLN292 A HG2,0
3332,GLN292 A HG3,0
3333,GLN292 A HE21,0
3334,GLN292 A HE22,0
3335,LYS293 A N,0
3336,LYS293 A CA,0
3337,LYS293 A C,0
3338,LYS293 A O,0
3339,LYS293 A CB,1
3340,LYS293 A CG,1
3341,LYS293 A CD,1
3342,LYS293 A CE,0
3343,LYS293 A NZ,0
3344,LYS293 A H,0
3345,LYS293 A HA,0
3346,LYS293 A HB2,0
3347,LYS293 A HB3,0
3348,LYS293 A HG2,0
3349,LYS293 A HG3,0
3350,LYS293 A HD2,0
3351,LYS293 A HD3,0
3352,LYS293 A HE2,0
3353,LYS293 A HE3,0
3354,LYS293 A HZ1,0
3355,LYS293 A HZ2,0
3356,LYS293 A HZ3,0
3357,ILE294 A N,0
3358,ILE294 A CA,0
3359,ILE294 A C,0
3360,ILE294 A O,0
3361,ILE294 A CB,1
3362,ILE294 A CG1,1
3363,ILE294 A CG2,1
3364,ILE294 A CD1,1
3365,ILE294 A H,0
3366,ILE294 A HA,0
3367,ILE294 A HB,0
3368,ILE294 A HG12,0
3369,ILE294 A HG13,0
3370,ILE294 A HG21,0
3371,ILE294 A HG22,0
3372,ILE294 A HG23,0
3373,ILE294 A HD11,0
3374,ILE294 A HD12,0
3375,ILE294 A HD13,0
3376,ILE295 A N,0
3377,ILE295 A CA,0
3378,ILE295 A C,0
3379,ILE295 A O,0
3380,ILE295 A CB,1
3381,ILE295 A CG1,1
3382,ILE295 A CG2,0
3383,ILE295 A CD1,1
3384,ILE295 A H,0
3385,ILE295 A HA,0
3386,ILE295 A HB,0
3387,ILE295 A HG12,0
3388,ILE295 A HG13,0
3389,ILE295 A HG21,0
3390,ILE295 A HG22,0
3391,ILE295 A HG23,0
3392,ILE295 A HD11,0
3393,ILE295 A HD12,0
3394,ILE295 A HD13,0
3395,LYS296 A N,0
3396,LYS296 A CA,0
3397,LYS296 A C,0
3398,LYS296 A O,0
3399,LYS296 A CB,1
3400,LYS296 A CG,1
3401,LYS296 A CD,1
3402,LYS296 A CE,0
3403,LYS296 A NZ,0
3404,LYS296 A H,0
3405,LYS296 A HA,0
3406,LYS296 A HB2,0
3407,LYS296 A HB3,0
3408,LYS296 A HG2,0
3409,LYS296 A HG3,0
3410,LYS296 A HD2,0
3411,LYS296 A HD3,0
3412,LYS296 A HE2,0
3413,LYS296 A HE3,0
3414,LYS296 A HZ1,0
3415,LYS296 A HZ2,0
3416,LYS296 A HZ3,0
3417,LEU297 A N,0
3418,LEU297 A CA,0
3419,LEU297 A C,0
3420,LEU297 A O,0
3421,LEU297 A CB,1
3422,LEU297 A CG,1
3423,LEU297 A CD1,1
3424,LEU297 A CD2,1
3425,LEU297 A H,0
3426,LEU297 A HA,0
3427,LEU297 A HB2,0
3428,LEU297 A HB3,0
3429,LEU297 A HG,0
3430,LEU297 A HD11,0
3431,LEU297 A HD12,0
3432,LEU297 A HD13,0
3433,LEU297 A HD21,0
3434,LEU297 A HD22,0
3435,LEU297 A HD23,0
3436,GLU298 A N,0
3437,GLU298 A CA,0
3438,GLU298 A C,0
3439,GLU298 A O,0
3440,GLU298 A CB,1
3441,GLU298 A CG,1
3442,GLU298 A CD,0
3443,GLU298 A OE1,0
3444,GLU298 A OE2,0
3445,GLU298 A H,0
3446,GLU298 A HA,0
3447,GLU298 A HB2,0
3448,GLU298 A HB3,0
3449,GLU298 A HG2,0
3450,GLU298 A HG3,0
3451,TYR299 A N,0
3452,TYR299 A CA,0
3453,TYR299 A C,0
3454,TYR299 A O,0
3455,TYR299 A CB,1
3456,TYR299 A CG,1
3457,TYR299 A CD1,1
3458,TYR299 A CD2,1
3459,TYR299 A CE1,1
3460,TYR299 A CE2,1
3461,TYR299 A CZ,0
3462,TYR299 A OH,0
3463,TYR299 A H,0
3464,TYR299 A HA,0
3465,TYR299 A HB2,0
3466,TYR299 A HB3,0
3467,TYR299 A HD1,0
3468,TYR299 A HD2,0
3469,TYR299 A HE1,0
3470,TYR299 A HE2,0
3471,TYR299 A HH,0
3472,ASP300 A N,0
3473,ASP300 A CA,0
3474,ASP300 A C,0
3475,ASP300 A O,0
3476,ASP300 A CB,1
3477,ASP300 A CG,0
3478,ASP300 A OD1,0
3479,ASP300 A OD2,0
3480,ASP300 A H,0
3481,ASP300 A HA,0
3482,ASP300 A HB2,0
3483,ASP300 A HB3,0
3484,PHE301 A N,0
3485,PHE301 A CA,0
3486,PHE301 A C,0
3487,PHE301 A O,0
3488,PHE301 A CB,0
3489,PHE301 A CG,0
3490,PHE301 A CD1,1
3491,PHE301 A CD2,0
3492,PHE301 A CE1,1
3493,PHE301 A CE2,1
3494,PHE301 A CZ,1
3495,PHE301 A H,0
3496,PHE301 A HA,0
3497,PHE301 A HB2,0
3498,PHE301 A HB3,0
3499,PHE301 A HD1,0
3500,PHE301 A HD2,0
3501,PHE301 A HE1,0
3502,PHE301 A HE2,0
3503,PHE301 A HZ,0
3504,PRO302 A N,0
3505,PRO302 A CA,0
3506,PRO302 A C,0
3507,PRO302 A O,0
3508,PRO302 A CB,0
3509,PRO302 A CG,1
3510,PRO302 A CD,0
3511,PRO302 A HA,0
3512,PRO302 A HB2,0
3513,PRO302 A HB3,0
3514,PRO302 A HG2,0
3515,PRO302 A HG3,0
3516,PRO302 A HD2,0
3517,PRO302 A HD3,0
3518,GLU303 A N,0
3519,GLU303 A CA,0
3520,GLU303 A C,0
3521,GLU303 A O,0
3522,GLU303 A CB,0
3523,GLU303 A CG,0
3524,GLU303 A CD,0
3525,GLU303 A OE1,0
3526,GLU303 A OE2,0
3527,GLU303 A H,0
3528,GLU303 A HA,0
3529,GLU303 A HB2,0
3530,GLU303 A HB3,0
3531,GLU303 A HG2,0
3532,GLU303 A HG3,0
3533,LYS304 A N,0
3534,LYS304 A CA,0
3535,LYS304 A C,0
3536,LYS304 A O,0
3537,LYS304 A CB,0
3538,LYS304 A CG,0
3539,LYS304 A CD,0
3540,LYS304 A CE,0
3541,LYS304 A NZ,0
3542,LYS304 A H,0
3543,LYS304 A HA,0
3544,LYS304 A HB2,0
3545,LYS304 A HB3,0
3546,LYS304 A HG2,0
3547,LYS304 A HG3,0
3548,LYS304 A HD2,0
3549,LYS304 A HD3,0
3550,LYS304 A HE2,0
3551,LYS304 A HE3,0
3552,LYS304 A HZ1,0
3553,LYS304 A HZ2,0
3554,LYS304 A HZ3,0
3555,PHE305 A N,0
3556,PHE305 A CA,0
3557,PHE305 A C,0
3558,PHE305 A O,0
3559,PHE305 A CB,0
3560,PHE305 A CG,0
3561,PHE305 A CD1,1
3562,PHE305 A CD2,1
3563,PHE305 A CE1,1
3564,PHE305 A CE2,1
3565,PHE305 A CZ,1
3566,PHE305 A H,0
3567,PHE305 A HA,0
3568,PHE305 A HB2,0
3569,PHE305 A HB3,0
3570,PHE305 A HD1,0
3571,PHE305 A HD2,0
3572,PHE305 A HE1,0
3573,PHE305 A HE2,0
3574,PHE305 A HZ,0
3575,PHE306 A N,0
3576,PHE306 A CA,0
3577,PHE306 A C,0
3578,PHE306 A O,0
3579,PHE306 A CB,1
3580,PHE306 A CG,1
3581,PHE306 A CD1,0
3582,PHE306 A CD2,1
3583,PHE306 A CE1,0
3584,PHE306 A CE2,1
3585,PHE306 A CZ,0
3586,PHE306 A H,0
3587,PHE306 A HA,0
3588,PHE306 A HB2,0
3589,PHE306 A HB3,0
3590,PHE306 A HD1,0
3591,PHE306 A HD2,0
3592,PHE306 A HE1,0
3593,PHE306 A HE2,0
3594,PHE306 A HZ,0
3595,PRO307 A N,0
3596,PRO307 A CA,0
3597,PRO307 A C,0
3598,PRO307 A O,0
3599,PRO307 A CB,1
3600,PRO307 A CG,1
3601,PRO307 A CD,0
3602,PRO307 A HA,0
3603,PRO307 A HB2,0
3604,PRO307 A HB3,0
3605,PRO307 A HG2,0
3606,PRO307 A HG3,0
3607,PRO307 A HD2,0
3608,PRO307 A HD3,0
3609,LYS308 A N,0
3610,LYS308 A CA,0
3611,LYS308 A C,0
3612,LYS308 A O,0
3613,LYS308 A CB,1
3614,LYS308 A CG,0
3615,LYS308 A CD,0
3616,LYS308 A CE,0
3617,LYS308 A NZ,0
3618,LYS308 A H,0
3619,LYS308 A HA,0
3620,LYS308 A HB2,0
3621,LYS308 A HB3,0
3622,LYS308 A HG2,0
3623,LYS308 A HG3,0
3624,LYS308 A HD2,0
3625,LYS308 A HD3,0
3626,LYS308 A HE2,0
3627,LYS308 A HE3,0
3628,LYS308 A HZ1,0
3629,LYS308 A HZ2,0
3630,LYS308 A HZ3,0
3631,ALA309 A N,0
3632,ALA309 A CA,0
3633,ALA309 A C,0
3634,ALA309 A O,0
3635,ALA309 A CB,1
3636,ALA309 A H,0
3637,ALA309 A HA,0
3638,ALA309 A HB1,0
3639,ALA309 A HB2,0
3640,ALA309 A HB3,0
3641,ARG310 A N,0
3642,ARG310 A CA,0
3643,ARG310 A C,0
3644,ARG310 A O,0
3645,ARG310 A CB,1
3646,ARG310 A CG,1
3647,ARG310 A CD,0
3648,ARG310 A NE,0
3649,ARG310 A CZ,0
3650,ARG310 A NH1,0
3651,ARG310 A NH2,0
3652,ARG310 A H,0
3653,ARG310 A HA,0
3654,ARG310 A HB2,0
3655,ARG310 A HB3,0
3656,ARG310 A HG2,0
3657,ARG310 A HG3,0
3658,ARG310 A HD2,0
3659,ARG310 A HD3,0
3660,ARG310 A HE,0
3661,ARG310 A HH11,0
3662,ARG310 A HH12,0
3663,ARG310 A HH21,0
3664,ARG310 A HH22,0
3665,ASP311 A N,0
3666,ASP311 A CA,0
3667,ASP311 A C,0
3668,ASP311 A O,0
3669,ASP311 A CB,1
3670,ASP311 A CG,0
3671,ASP311 A OD1,0
3672,ASP311 A OD2,0
3673,ASP311 A H,0
3674,ASP311 A HA,0
3675,ASP311 A HB2,0
3676,ASP311 A HB3,0
3677,LEU312 A N,0
3678,LEU312 A CA,0
3679,LEU312 A C,0
3680,LEU312 A O,0
3681,LEU312 A CB,1
3682,LEU312 A CG,1
3683,LEU312 A CD1,1
3684,LEU312 A CD2,1
3685,LEU312 A H,0
3686,LEU312 A HA,0
3687,LEU312 A HB2,0
3688,LEU312 A HB3,0
3689,LEU312 A HG,0
3690,LEU312 A HD11,0
3691,LEU312 A HD12,0
3692,LEU312 A HD13,0
3693,LEU312 A HD21,0
3694,LEU312 A HD22,0
3695,LEU312 A HD23,0
3696,VAL313 A N,0
3697,VAL313 A CA,0
3698,VAL313 A C,0
3699,VAL313 A O,0
3700,VAL313 A CB,1
3701,VAL313 A CG1,1
3702,VAL313 A CG2,1
3703,VAL313 A H,0
3704,VAL313 A HA,0
3705,VAL313 A HB,0
3706,VAL313 A HG11,0
3707,VAL313 A HG12,0
3708,VAL313 A HG13,0
3709,VAL313 A HG21,0
3710,VAL313 A HG22,0
3711,VAL313 A HG23,0
3712,GLU314 A N,0
3713,GLU314 A CA,0
3714,GLU314 A C,0
3715,GLU314 A O,0
3716,GLU314 A CB,1
3717,GLU314 A CG,1
3718,GLU314 A CD,0
3719,GLU314 A OE1,0
3720,GLU314 A OE2,0
3721,GLU314 A H,0
3722,GLU314 A HA,0
3723,GLU314 A HB2,0
3724,GLU314 A HB3,0
3725,GLU314 A HG2,0
3726,GLU314 A HG3,0
3727,LYS315 A N,0
3728,LYS315 A CA,0
3729,LYS315 A C,0
3730,LYS315 A O,0
3731,LYS315 A CB,1
3732,LYS315 A CG,1
3733,LYS315 A CD,1
3734,LYS315 A CE,0
3735,LYS315 A NZ,0
3736,LYS315 A H,0
3737,LYS315 A HA,0
3738,LYS315 A HB2,0
3739,LYS315 A HB3,0
3740,LYS315 A HG2,0
3741,LYS315 A HG3,0
3742,LYS315 A HD2,0
3743,LYS315 A HD3,0
3744,LYS315 A HE2,0
3745,LYS315 A HE3,0
3746,LYS315 A HZ1,0
3747,LYS315 A HZ2,0
3748,LYS315 A HZ3,0
3749,LEU316 A N,0
3750,LEU316 A CA,0
3751,LEU316 A C,0
3752,LEU316 A O,0
3753,LEU316 A CB,1
3754,LEU316 A CG,1
3755,LEU316 A CD1,1
3756,LEU316 A CD2,1
3757,LEU316 A H,0
3758,LEU316 A HA,0
3759,LEU316 A HB2,0
3760,LEU316 A HB3,0
3761,LEU316 A HG,0
3762,LEU316 A HD11,0
3763,LEU316 A HD12,0
3764,LEU316 A HD13,0
3765,LEU316 A HD21,0
3766,LEU316 A HD22,0
3767,LEU316 A HD23,0
3768,LEU317 A N,0
3769,LEU317 A CA,0
3770,LEU317 A C,0
3771,LEU317 A O,0
3772,LEU317 A CB,1
3773,LEU317 A CG,1
3774,LEU317 A CD1,1
3775,LEU317 A CD2,1
3776,LEU317 A H,0
3777,LEU317 A HA,0
3778,LEU317 A HB2,0
3779,LEU317 A HB3,0
3780,LEU317 A HG,0
3781,LEU317 A HD11,0
3782,LEU317 A HD12,0
3783,LEU317 A HD13,0
3784,LEU317 A HD21,0
3785,LEU317 A HD22,0
3786,LEU317 A HD23,0
3787,VAL318 A N,0
3788,VAL318 A CA,0
3789,VAL318 A C,0
3790,VAL318 A O,0
3791,VAL318 A CB,1
3792,VAL318 A CG1,1
3793,VAL318 A CG2,1
3794,VAL318 A H,0
3795,VAL318 A HA,0
3796,VAL318 A HB,0
3797,VAL318 A HG11,0
3798,VAL318 A HG12,0
3799,VAL318 A HG13,0
3800,VAL318 A HG21,0
3801,VAL318 A HG22,0
3802,VAL318 A HG23,0
3803,LEU319 A N,0
3804,LEU319 A CA,0
3805,LEU319 A C,0
3806,LEU319 A O,0
3807,LEU319 A CB,1
3808,LEU319 A CG,1
3809,LEU319 A CD1,0
3810,LEU319 A CD2,1
3811,LEU319 A H,0
3812,LEU319 A HA,0
3813,LEU319 A HB2,0
3814,LEU319 A HB3,0
3815,LEU319 A HG,0
3816,LEU319 A HD11,0
3817,LEU319 A HD12,0
3818,LEU319 A HD13,0
3819,LEU319 A HD21,0
3820,LEU319 A HD22,0
3821,LEU319 A HD23,0
3822,ASP320 A N,0
3823,ASP320 A CA,0
3824,ASP320 A C,0
3825,ASP320 A O,0
3826,ASP320 A CB,1
3827,ASP320 A CG,0
3828,ASP320 A OD1,0
3829,ASP320 A OD2,0
3830,ASP320 A H,0
3831,ASP320 A HA,0
3832,ASP320 A HB2,0
3833,ASP320 A HB3,0
3834,ALA321 A N,0
3835,ALA321 A CA,0
3836,ALA321 A C,0
3837,ALA321 A O,0
3838,ALA321 A CB,1
3839,ALA321 A H,0
3840,ALA321 A HA,0
3841,ALA321 A HB1,0
3842,ALA321 A HB2,0
3843,ALA321 A HB3,0
3844,THR322 A N,0
3845,THR322 A CA,0
3846,THR322 A C,0
3847,THR322 A O,0
3848,THR322 A CB,0
3849,THR322 A OG1,0
3850,THR322 A CG2,1
3851,THR322 A H,0
3852,THR322 A HA,0
3853,THR322 A HB,0
3854,THR322 A HG1,0
3855,THR322 A HG21,0
3856,THR322 A HG22,0
3857,THR322 A HG23,0
3858,LYS323 A N,0
3859,LYS323 A CA,0
3860,LYS323 A C,0
3861,LYS323 A O,0
3862,LYS323 A CB,1
3863,LYS323 A CG,1
3864,LYS323 A CD,0
3865,LYS323 A CE,0
3866,LYS323 A NZ,0
3867,LYS323 A H,0
3868,LYS323 A HA,0
3869,LYS323 A HB2,0
3870,LYS323 A HB3,0
3871,LYS323 A HG2,0
3872,LYS323 A HG3,0
3873,LYS323 A HD2,0
3874,LYS323 A HD3,0
3875,LYS323 A HE2,0
3876,LYS323 A HE3,0
3877,LYS323 A HZ1,0
3878,LYS323 A HZ2,0
3879,LYS323 A HZ3,0
3880,ARG324 A N,0
3881,ARG324 A CA,0
3882,ARG324 A C,0
3883,ARG324 A O,0
3884,ARG324 A CB,1
3885,ARG324 A CG,1
3886,ARG324 A CD,0
3887,ARG324 A NE,0
3888,ARG324 A CZ,0
3889,ARG324 A NH1,0
3890,ARG324 A NH2,0
3891,ARG324 A H,0
3892,ARG324 A HA,0
3893,ARG324 A HB2,0
3894,ARG324 A HB3,0
3895,ARG324 A HG2,0
3896,ARG324 A HG3,0
3897,ARG324 A HD2,0
3898,ARG324 A HD3,0
3899,ARG324 A HE,0
3900,ARG324 A HH11,0
3901,ARG324 A HH12,0
3902,ARG324 A HH21,0
3903,ARG324 A HH22,0
3904,LEU325 A N,0
3905,LEU325 A CA,0
3906,LEU325 A C,0
3907,LEU325 A O,0
3908,LEU325 A CB,1
3909,LEU325 A CG,1
3910,LEU325 A CD1,1
3911,LEU325 A CD2,1
3912,LEU325 A H,0
3913,LEU325 A HA,0
3914,LEU325 A HB2,0
3915,LEU325 A HB3,0
3916,LEU325 A HG,0
3917,LEU325 A HD11,0
3918,LEU325 A HD12,0
3919,LEU325 A HD13,0
3920,LEU325 A HD21,0
3921,LEU325 A HD22,0
3922,LEU325 A HD23,0
3923,GLY326 A N,0
3924,GLY326 A CA,0
3925,GLY326 A C,0
3926,GLY326 A O,0
3927,GLY326 A H,0
3928,GLY326 A HA2,0
3929,GLY326 A HA3,0
3930,CYS327 A N,0
3931,CYS327 A CA,0
3932,CYS327 A C,0
3933,CYS327 A O,0
3934,CYS327 A CB,1
3935,CYS327 A SG,1
3936,CYS327 A H,0
3937,CYS327 A HA,0
3938,CYS327 A HB2,0
3939,CYS327 A HB3,0
3940,CYS327 A HG,0
3941,GLU328 A N,0
3942,GLU328 A CA,0
3943,GLU328 A C,0
3944,GLU328 A O,0
3945,GLU328 A CB,1
3946,GLU328 A CG,1
3947,GLU328 A CD,0
3948,GLU328 A OE1,0
3949,GLU328 A OE2,0
3950,GLU328 A H,0
3951,GLU328 A HA,0
3952,GLU328 A HB2,0
3953,GLU328 A HB3,0
3954,GLU328 A HG2,0
3955,GLU328 A HG3,0
3956,GLU329 A N,0
3957,GLU329 A CA,0
3958,GLU329 A C,0
3959,GLU329 A O,0
3960,GLU329 A CB,1
3961,GLU329 A CG,1
3962,GLU329 A CD,0
3963,GLU329 A OE1,0
3964,GLU329 A OE2,0
3965,GLU329 A H,0
3966,GLU329 A HA,0
3967,GLU329 A HB2,0
3968,GLU329 A HB3,0
3969,GLU329 A HG2,0
3970,GLU329 A HG3,0
3971,MET330 A N,0
3972,MET330 A CA,0
3973,MET330 A C,0
3974,MET330 A O,0
3975,MET330 A CB,1
3976,MET330 A CG,1
3977,MET330 A SD,0
3978,MET330 A CE,0
3979,MET330 A H,0
3980,MET330 A HA,0
3981,MET330 A HB2,0
3982,MET330 A HB3,0
3983,MET330 A HG2,0
3984,MET330 A HG3,0
3985,MET330 A HE1,0
3986,MET330 A HE2,0
3987,MET330 A HE3,0
3988,GLU331 A N,0
3989,GLU331 A CA,0
3990,GLU331 A C,0
3991,GLU331 A O,0
3992,GLU331 A CB,0
3993,GLU331 A CG,0
3994,GLU331 A CD,0
3995,GLU331 A OE1,0
3996,GLU331 A OE2,0
3997,GLU331 A H,0
3998,GLU331 A HA,0
3999,GLU331 A HB2,0
4000,GLU331 A HB3,0
4001,GLU331 A HG2,0
4002,GLU331 A HG3,0
4003,GLY332 A N,0
4004,GLY332 A CA,0
4005,GLY332 A C,0
4006,GLY332 A O,0
4007,GLY332 A H,0
4008,GLY332 A HA2,0
4009,GLY332 A HA3,0
4010,TYR333 A N,0
4011,TYR333 A CA,0
4012,TYR333 A C,0
4013,TYR333 A O,0
4014,TYR333 A CB,0
4015,TYR333 A CG,0
4016,TYR333 A CD1,0
4017,TYR333 A CD2,1
4018,TYR333 A CE1,1
4019,TYR333 A CE2,1
4020,TYR333 A CZ,0
4021,TYR333 A OH,0
4022,TYR333 A H,0
4023,TYR333 A HA,0
4024,TYR333 A HB2,0
4025,TYR333 A HB3,0
4026,TYR333 A HD1,0
4027,TYR333 A HD2,0
4028,TYR333 A HE1,0
4029,TYR333 A HE2,0
4030,TYR333 A HH,0
4031,GLY334 A N,0
4032,GLY334 A CA,0
4033,GLY334 A C,0
4034,GLY334 A O,0
4035,GLY334 A H,0
4036,GLY334 A HA2,0
4037,GLY334 A HA3,0
4038,PRO335 A N,0
4039,PRO335 A CA,0
4040,PRO335 A C,0
4041,PRO335 A O,0
4042,PRO335 A CB,1
4043,PRO335 A CG,1
4044,PRO335 A CD,0
4045,PRO335 A HA,0
4046,PRO335 A HB2,0
4047,PRO335 A HB3,0
4048,PRO335 A HG2,0
4049,PRO335 A HG3,0
4050,PRO335 A HD2,0
4051,PRO335 A HD3,0
4052,LEU336 A N,0
4053,LEU336 A CA,0
4054,LEU336 A C,0
4055,LEU336 A O,0
4056,LEU336 A CB,1
4057,LEU336 A CG,1
4058,LEU336 A CD1,1
4059,LEU336 A CD2,1
4060,LEU336 A H,0
4061,LEU336 A HA,0
4062,LEU336 A HB2,0
4063,LEU336 A HB3,0
4064,LEU336 A HG,0
4065,LEU336 A HD11,0
4066,LEU336 A HD12,0
4067,LEU336 A HD13,0
4068,LEU336 A HD21,0
4069,LEU336 A HD22,0
4070,LEU336 A HD23,0
4071,LYS337 A N,0
4072,LYS337 A CA,0
4073,LYS337 A C,0
4074,LYS337 A O,0
4075,LYS337 A CB,1
4076,LYS337 A CG,1
4077,LYS337 A CD,0
4078,LYS337 A CE,0
4079,LYS337 A NZ,0
4080,LYS337 A H,0
4081,LYS337 A HA,0
4082,LYS337 A HB2,0
4083,LYS337 A HB3,0
4084,LYS337 A HG2,0
4085,LYS337 A HG3,0
4086,LYS337 A HD2,0
4087,LYS337 A HD3,0
4088,LYS337 A HE2,0
4089,LYS337 A HE3,0
4090,LYS337 A HZ1,0
4091,LYS337 A HZ2,0
4092,LYS337 A HZ3,0
4093,ALA338 A N,0
4094,ALA338 A CA,0
4095,ALA338 A C,0
4096,ALA338 A O,0
4097,ALA338 A CB,1
4098,ALA338 A H,0
4099,ALA338 A HA,0
4100,ALA338 A HB1,0
4101,ALA338 A HB2,0
4102,ALA338 A HB3,0
4103,HIS339 A N,0
4104,HIS339 A CA,0
4105,HIS339 A C,0
4106,HIS339 A O,0
4107,HIS339 A CB,1
4108,HIS339 A CG,0
4109,HIS339 A ND1,0
4110,HIS339 A CD2,0
4111,HIS339 A CE1,0
4112,HIS339 A NE2,0
4113,HIS339 A H,0
4114,HIS339 A HA,0
4115,HIS339 A HB2,0
4116,HIS339 A HB3,0
4117,HIS339 A HD2,0
4118,HIS339 A HE1,0
4119,HIS339 A HE2,0
4120,PRO340 A N,0
4121,PRO340 A CA,0
4122,PRO340 A C,0
4123,PRO340 A O,0
4124,PRO340 A CB,0
4125,PRO340 A CG,1
4126,PRO340 A CD,0
4127,PRO340 A HA,0
4128,PRO340 A HB2,0
4129,PRO340 A HB3,0
4130,PRO340 A HG2,0
4131,PRO340 A HG3,0
4132,PRO340 A HD2,0
4133,PRO340 A HD3,0
4134,PHE341 A N,0
4135,PHE341 A CA,0
4136,PHE341 A C,0
4137,PHE341 A O,0
4138,PHE341 A CB,1
4139,PHE341 A CG,0
4140,PHE341 A CD1,0
4141,PHE341 A CD2,1
4142,PHE341 A CE1,1
4143,PHE341 A CE2,1
4144,PHE341 A CZ,1
4145,PHE341 A H,0
4146,PHE341 A HA,0
4147,PHE341 A HB2,0
4148,PHE341 A HB3,0
4149,PHE341 A HD1,0
4150,PHE341 A HD2,0
4151,PHE341 A HE1,0
4152,PHE341 A HE2,0
4153,PHE341 A HZ,0
4154,PHE342 A N,0
4155,PHE342 A CA,0
4156,PHE342 A C,0
4157,PHE342 A O,0
4158,PHE342 A CB,0
4159,PHE342 A CG,1
4160,PHE342 A CD1,1
4161,PHE342 A CD2,1
4162,PHE342 A CE1,1
4163,PHE342 A CE2,1
4164,PHE342 A CZ,1
4165,PHE342 A H,0
4166,PHE342 A HA,0
4167,PHE342 A HB2,0
4168,PHE342 A HB3,0
4169,PHE342 A HD1,0
4170,PHE342 A HD2,0
4171,PHE342 A HE1,0
4172,PHE342 A HE2,0
4173,PHE342 A HZ,0
4174,GLU343 A N,0
4175,GLU343 A CA,0
4176,GLU343 A C,0
4177,GLU343 A O,0
4178,GLU343 A CB,0
4179,GLU343 A CG,0
4180,GLU343 A CD,0
4181,GLU343 A OE1,0
4182,GLU343 A OE2,0
4183,GLU343 A H,0
4184,GLU343 A HA,0
4185,GLU343 A HB2,0
4186,GLU343 A HB3,0
4187,GLU343 A HG2,0
4188,GLU343 A HG3,0
4189,SER344 A N,0
4190,SER344 A CA,0
4191,SER344 A C,0
4192,SER344 A O,0
4193,SER344 A CB,0
4194,SER344 A OG,0
4195,SER344 A H,0
4196,SER344 A HA,0
4197,SER344 A HB2,0
4198,SER344 A HB3,0
4199,SER344 A HG,0
4200,VAL345 A N,0
4201,VAL345 A CA,0
4202,VAL345 A C,0
4203,VAL345 A O,0
4204,VAL345 A CB,1
4205,VAL345 A CG1,1
4206,VAL345 A CG2,1
4207,VAL345 A H,0
4208,VAL345 A HA,0
4209,VAL345 A HB,0
4210,VAL345 A HG11,0
4211,VAL345 A HG12,0
4212,VAL345 A HG13,0
4213,VAL345 A HG21,0
4214,VAL345 A HG22,0
4215,VAL345 A HG23,0
4216,THR346 A N,0
4217,THR346 A CA,0
4218,THR346 A C,0
4219,THR346 A O,0
4220,THR346 A CB,0
4221,THR346 A OG1,0
4222,THR346 A CG2,0
4223,THR346 A H,0
4224,THR346 A HA,0
4225,THR346 A HB,0
4226,THR346 A HG1,0
4227,THR346 A HG21,0
4228,THR346 A HG22,0
4229,THR346 A HG23,0
4230,TRP347 A N,0
4231,TRP347 A CA,0
4232,TRP347 A C,0
4233,TRP347 A O,0
4234,TRP347 A CB,0
4235,TRP347 A CG,0
4236,TRP347 A CD1,0
4237,TRP347 A CD2,1
4238,TRP347 A NE1,0
4239,TRP347 A CE2,0
4240,TRP347 A CE3,1
4241,TRP347 A CZ2,1
4242,TRP347 A CZ3,1
4243,TRP347 A CH2,1
4244,TRP347 A H,0
4245,TRP347 A HA,0
4246,TRP347 A HB2,0
4247,TRP347 A HB3,0
4248,TRP347 A HD1,0
4249,TRP347 A HE1,0
4250,TRP347 A HE3,0
4251,TRP347 A HZ2,0
4252,TRP347 A HZ3,0
4253,TRP347 A HH2,0
4254,GLU348 A N,0
4255,GLU348 A CA,0
4256,GLU348 A C,0
4257,GLU348 A O,0
4258,GLU348 A CB,0
4259,GLU348 A CG,0
4260,GLU348 A CD,0
4261,GLU348 A OE1,0
4262,GLU348 A OE2,0
4263,GLU348 A H,0
4264,GLU348 A HA,0
4265,GLU348 A HB2,0
4266,GLU348 A HB3,0
4267,GLU348 A HG2,0
4268,GLU348 A HG3,0
4269,ASN349 A N,0
4270,ASN349 A CA,0
4271,ASN349 A C,0
4272,ASN349 A O,0
4273,ASN349 A CB,0
4274,ASN349 A CG,0
4275,ASN349 A OD1,0
4276,ASN349 A ND2,0
4277,ASN349 A H,0
4278,ASN349 A HA,0
4279,ASN349 A HB2,0
4280,ASN349 A HB3,0
4281,ASN349 A HD21,0
4282,ASN349 A HD22,0
4283,LEU350 A N,0
4284,LEU350 A CA,0
4285,LEU350 A C,0
4286,LEU350 A O,0
4287,LEU350 A CB,1
4288,LEU350 A CG,1
4289,LEU350 A CD1,1
4290,LEU350 A CD2,0
4291,LEU350 A H,0
4292,LEU350 A HA,0
4293,LEU350 A HB2,0
4294,LEU350 A HB3,0
4295,LEU350 A HG,0
4296,LEU350 A HD11,0
4297,LEU350 A HD12,0
4298,LEU350 A HD13,0
4299,LEU350 A HD21,0
4300,LEU350 A HD22,0
4301,LEU350 A HD23,0
4302,HIS351 A N,0
4303,HIS351 A CA,0
4304,HIS351 A C,0
4305,HIS351 A O,0
4306,HIS351 A CB,1
4307,HIS351 A CG,0
4308,HIS351 A ND1,0
4309,HIS351 A CD2,0
4310,HIS351 A CE1,0
4311,HIS351 A NE2,0
4312,HIS351 A H,0
4313,HIS351 A HA,0
4314,HIS351 A HB2,0
4315,HIS351 A HB3,0
4316,HIS351 A HD2,0
4317,HIS351 A HE1,0
4318,HIS351 A HE2,0
4319,GLN352 A N,0
4320,GLN352 A CA,0
4321,GLN352 A C,0
4322,GLN352 A O,0
4323,GLN352 A CB,0
4324,GLN352 A CG,0
4325,GLN352 A CD,0
4326,GLN352 A OE1,0
4327,GLN352 A NE2,0
4328,GLN352 A H,0
4329,GLN352 A HA,0
4330,GLN352 A HB2,0
4331,GLN352 A HB3,0
4332,GLN352 A HG2,0
4333,GLN352 A HG3,0
4334,GLN352 A HE21,0
4335,GLN352 A HE22,0
4336,GLN353 A N,0
4337,GLN353 A CA,0
4338,GLN353 A C,0
4339,GLN353 A O,0
4340,GLN353 A CB,0
4341,GLN353 A CG,0
4342,GLN353 A CD,0
4343,GLN353 A OE1,0
4344,GLN353 A NE2,0
4345,GLN353 A H,0
4346,GLN353 A HA,0
4347,GLN353 A HB2,0
4348,GLN353 A HB3,0
4349,GLN353 A HG2,0
4350,GLN353 A HG3,0
4351,GLN353 A HE21,0
4352,GLN353 A HE22,0
4353,THR354 A N,0
4354,THR354 A CA,0
4355,THR354 A C,0
4356,THR354 A O,0
4357,THR354 A CB,0
4358,THR354 A OG1,0
4359,THR354 A CG2,0
4360,THR354 A H,0
4361,THR354 A HA,0
4362,THR354 A HB,0
4363,THR354 A HG1,0
4364,THR354 A HG21,0
4365,THR354 A HG22,0
4366,THR354 A HG23,0
4367,PRO355 A N,0
4368,PRO355 A CA,0
4369,PRO355 A C,0
4370,PRO355 A O,0
4371,PRO355 A CB,1
4372,PRO355 A CG,1
4373,PRO355 A CD,0
4374,PRO355 A HA,0
4375,PRO355 A HB2,0
4376,PRO355 A HB3,0
4377,PRO355 A HG2,0
4378,PRO355 A HG3,0
4379,PRO355 A HD2,0
4380,PRO355 A HD3,0
4381,PRO356 A N,0
4382,PRO356 A CA,0
4383,PRO356 A C,0
4384,PRO356 A O,0
4385,PRO356 A CB,1
4386,PRO356 A CG,1
4387,PRO356 A CD,0
4388,PRO356 A HA,0
4389,PRO356 A HB2,0
4390,PRO356 A HB3,0
4391,PRO356 A HG2,0
4392,PRO356 A HG3,0
4393,PRO356 A HD2,0
4394,PRO356 A HD3,0
4395,LYS357 A N,0
4396,LYS357 A CA,0
4397,LYS357 A C,0
4398,LYS357 A O,0
4399,LYS357 A CB,0
4400,LYS357 A CG,0
4401,LYS357 A CD,0
4402,LYS357 A CE,0
4403,LYS357 A NZ,0
4404,LYS357 A H,0
4405,LYS357 A HA,0
4406,LYS357 A HB2,0
4407,LYS357 A HB3,0
4408,LYS357 A HG2,0
4409,LYS357 A HG3,0
4410,LYS357 A HD2,0
4411,LYS357 A HD3,0
4412,LYS357 A HE2,0
4413,LYS357 A HE3,0
4414,LYS357 A HZ1,0
4415,LYS357 A HZ2,0
4416,LYS357 A HZ3,0
4417,LEU358 A N,0
4418,LEU358 A CA,0
4419,LEU358 A C,0
4420,LEU358 A O,0
4421,LEU358 A CB,0
4422,LEU358 A CG,1
4423,LEU358 A CD1,1
4424,LEU358 A CD2,1
4425,LEU358 A H,0
4426,LEU358 A HA,0
4427,LEU358 A HB2,0
4428,LEU358 A HB3,0
4429,LEU358 A HG,0
4430,LEU358 A HD11,0
4431,LEU358 A HD12,0
4432,LEU358 A HD13,0
4433,LEU358 A HD21,0
4434,LEU358 A HD22,0
4435,LEU358 A HD23,0
4436,THR359 A N,0
4437,THR359 A CA,0
4438,THR359 A C,0
4439,THR359 A O,0
4440,THR359 A CB,0
4441,THR359 A OG1,0
4442,THR359 A CG2,0
4443,THR359 A OXT,0
4444,THR359 A H,0
4445,THR359 A HA,0
4446,THR359 A HB,0
4447,THR359 A HG1,0
4448,THR359 A HG21,0
4449,THR359 A HG22,0
4450,THR359 A HG23,0
4451,2A21 A C1,0
4452,2A21 A SD,1
4453,2A21 A C15,0
4454,2A21 A C16,0
4455,2A21 A C17,0
4456,2A21 A O18,0
4457,2A21 A N19,0
4458,2A21 A C20,0
4459,2A21 A C21,0
4460,2A21 A N22,0
4461,2A21 A C23,0
4462,2A21 A C24,0
4463,2A21 A C25,0
4464,2A21 A C26,0
4465,2A21 A C27,0
4466,2A21 A C28,1
4467,2A21 A C29,1
4468,2A21 A C30,1
4469,2A21 A CL99,0
4470,2A21 A H24A,0
4471,2A21 A H23A,0
4472,2A21 A H21A,0
4473,2A21 A H20A,0
4474,2A21 A H16A,0
4475,2A21 A H15A,0
4476,2A21 A H30,0
4477,2A21 A H28,0
4478,2A21 A H27,0
4479,2A21 A H26,0
4480,2A21 A H24,0
4481,2A21 A H23,0
4482,2A21 A H21,0
4483,2A21 A H20,0
4484,2A21 A H1A,0
4485,2A21 A H16,0
4486,2A21 A H15,0
4487,2A21 A H1,0
4488,BI4360 A O32,0
4489,BI4360 A C18,0
4490,BI4360 A C17,0
4491,BI4360 A C16,0
4492,BI4360 A C15,0
4493,BI4360 A C14,0
4494,BI4360 A C13,0
4495,BI4360 A C12,0
4496,BI4360 A C10,0
4497,BI4360 A C11,0
4498,BI4360 A N9,0
4499,BI4360 A C8,0
4500,BI4360 A N19,0
4501,BI4360 A C20,0
4502,BI4360 A O33,0
4503,BI4360 A C21,0
4504,BI4360 A C22,0
4505,BI4360 A C7,0
4506,BI4360 A C23,0
4507,BI4360 A C5,0
4508,BI4360 A C4,0
4509,BI4360 A C3,0
4510,BI4360 A C2,1
4511,BI4360 A C1,1
4512,BI4360 A N6,0
4513,BI4360 A C24,0
4514,BI4360 A C25,1
4515,BI4360 A C26,0
4516,BI4360 A C27,0
4517,BI4360 A C28,0
4518,BI4360 A C29,0
4519,BI4360 A N30,0
4520,BI4360 A C31,0
4521,BI4360 A H313,0
4522,BI4360 A H312,0
4523,BI4360 A H311,0
4524,BI4360 A H292,0
4525,BI4360 A H291,0
4526,BI4360 A H282,0
4527,BI4360 A H281,0
4528,BI4360 A H272,0
4529,BI4360 A H271,0
4530,BI4360 A H252,0
4531,BI4360 A H251,0
4532,BI4360 A H242,0
4533,BI4360 A H241,0
4534,BI4360 A HN9,0
4535,BI4360 A H8,0
4536,BI4360 A H7,0
4537,BI4360 A H4,0
4538,BI4360 A H3,0
4539,BI4360 A H26,0
4540,BI4360 A H2,0
4541,BI4360 A H19,0
4542,BI4360 A H14,0
4543,BI4360 A H13,0
4544,BI4360 A H12,0
4545,BI4360 A H11,0
4546,BI4360 A H1,0
